"1.1.1 Esta questão não se refere a este segmento."|"1.1.1 Quando o senhor ou a senhora (professor, funcionário, educando, familiar) chega à escola com algum problema pessoal, encontra pessoas dispostas a ajudar?"|"1.1.1 Quando o senhor ou a senhora (professor, funcionário, educando, familiar) chega à escola com algum problema pessoal, encontra pessoas dispostas a ajudar?"|"1.1.1 Quando alguém (professor, funcionário, educando, familiar) chega à escola com algum problema pessoal, encontra pessoas dispostas a ajudar?"
"1.1.2 Esta questão não se refere a este segmento."|"1.1.2 O ambiente da escola favorece a amizade entre todos?"|"1.1.2 O ambiente da escola favorece a amizade entre todos?"|"1.1.2 O ambiente da escola favorece a amizade entre todos?"
"1.2.1 Esta questão não se refere a este segmento."|"1.2.1 O senhor ou a senhora percebe os professores e funcionários da escola felizes com trabalho que ali desenvolvem? "|"1.2.1 Professores e funcionários da escola gostam do trabalho que desenvolvem na escola?"|"1.2.1 Professores e funcionários da escola gostam do trabalho que desenvolvem na escola?"
"1.2.2 Esta questão não se refere a este segmento."|"1.2.2 O senhor ou a senhora participam da organização de festas e ventos da Unidade Educacional?"|"1.2.2 Há participação efetiva de todos os segmentos na organização de festas e eventos da Unidade Educacional?"|"1.2.2 Há participação efetiva de todos os segmentos na organização de festas e eventos da Unidade Educacional?"
"1.2.3 Esta questão não se refere a este segmento."|"1.2.3 O senhor ou a senhora percebe o seu filho ou filha satisfeito em frequentar a escola?"|"1.2.3 Os senhores percebem os educandos felizes e satisfeitos em frequentar a escola?"|"1.2.3 Os senhores percebem os educandos felizes e satisfeitos em frequentar a escola?"
"1.3.1 A discriminação é assunto abordado na Unidade Educacional como algo que prejudica as relações entre as pessoas e que se trata de crime, como é o caso de atos preconceituosos contra pessoas com deficiência, portadores de transtornos invasivos do desenvolvimento (TIDs), povos indígenas, povos do campo, mulheres, negros, imigrantes, homossexuais e outros?"|"1.3.1 A discriminação é assunto abordado na Unidade Educacional como algo que prejudica as relações entre as pessoas e que se trata de crime, como é o caso de atos preconceituosos contra pessoas com deficiência, portadores de transtornos invasivos do desenvolvimento (TIDs), povos indígenas, povos do campo, mulheres, negros, imigrantes, homossexuais e outros?"|"1.3.1 A discriminação é assunto abordado na Unidade Educacional como algo que prejudica as relações entre as pessoas e que se trata de crime, como é o caso de atos preconceituosos contra pessoas com deficiência, portadores de transtornos invasivos do desenvolvimento (TIDs), povos indígenas, povos do campo, mulheres, negros, imigrantes, homossexuais e outros?"|"1.3.1 A discriminação é assunto abordado na Unidade Educacional como algo que prejudica as relações entre as pessoas e que se trata de crime, como é o caso de atos preconceituosos contra pessoas com deficiência, portadores de transtornos invasivos do desenvolvimento (TIDs), povos indígenas, povos do campo, mulheres, negros, imigrantes, homossexuais e outros?"
"1.3.2 A escola acolhe crianças com deficiência nas atividades propostas aos educandos sem deficiência? "|"1.3.2 A escola acolhe crianças com deficiência em todas as atividades propostas aos educandos sem deficiência? "|"1.3.2 A escola acolhe crianças com deficiência em todas as atividades propostas aos educandos sem deficiência?"|"1.3.2 A escola acolhe crianças com deficiência em todas as atividades propostas aos educandos sem deficiência? "
"1.3.3 O ambiente escolar estimula o fortalecimento dos laços de amizade não importando se são negros, brancos, pessoas com deficiência ou TIDs, homens ou mulheres, homossexuais ou não? "|"1.3.3 O ambiente escolar estimula o fortalecimento dos laços de amizade não importando se são negros, brancos, pessoas com deficiência ou TIDs, homens ou mulheres, homossexuais ou não? "|"1.3.3 O ambiente escolar estimula o fortalecimento dos laços de amizade não importando se são negros, brancos, pessoas com deficiência ou TIDs, homens ou mulheres, homossexuais ou não? "|"1.3.3 O ambiente escolar estimula o fortalecimento dos laços de amizade não importando se são negros, brancos, pessoas com deficiência ou TIDs, homens ou mulheres, homossexuais ou não? "
"1.4.1 A cada ano letivo, há movimentos coletivos de elaboração das regras de convivência escolar? "|"1.4.1 A cada ano letivo, há movimentos coletivos de elaboração e atualização dos princípios e regras de convivência escolar? "|"1.4.1 A cada ano letivo, há movimentos coletivos de elaboração e atualização dos princípios e regras de convivência escolar? "|"1.4.1 A cada ano letivo, há movimentos coletivos de elaboração e atualização dos princípios e regras de convivência escolar? "
"1.4.2 Esta questão não se refere a este segmento."|"1.4.2 O atual Plano de Trabalho Anual (PTA), o Projeto Eco-Político-Pedagógico (PEPP), o regimento escolar e os princípios de convivência existentes estão sendo úteis para os momentos de resolução dos conflitos cotidianos vivenciados na escola?"|"1.4.2 O atual Plano de Trabalho Anual (PTA), o Projeto Eco-Político-Pedagógico (PEPP), o regimento escolar e os princípios de convivência existentes estão sendo úteis para os momentos de resolução dos conflitos cotidianos vivenciados na escola?"|"1.4.2 O atual Plano de Trabalho Anual (PTA), o Projeto Eco-Político-Pedagógico (PEPP), o regimento escolar e os princípios de convivência existentes estão sendo úteis para os momentos de resolução dos conflitos cotidianos vivenciados na escola?"
,"1.4.3 Esta questão não se refere a este segmento."|"1.4.3 Há reflexão coletiva e participação de todos os segmentos envolvidos (educandos, professores, diretor e demais funcionários da escola) nos encaminhamentos em relação ao não cumprimento de regras e combinados?"|"1.4.3 Há reflexão coletiva e participação de todos os segmentos envolvidos (educandos, professores, diretor e demais funcionários da escola) nos encaminhamentos em relação ao não cumprimento de regras e combinados?"
"1.5.1 Existe respeito entre professores, educandos e funcionários da escola?"|"1.5.1 Existe respeito entre professores, educandos e funcionários da escola?"|"1.5.1 Professores, gestores e funcionários se tratam bem e se respeitam?"|"1.5.1 Professores, diretores e funcionários se tratam bem e se respeitam?"
"1.5.2 Esta questão não se refere a este segmento."|"1.5.2 Esta questão não se refere a este segmento."|"1.5.2 As pessoas que trabalham na escola (professores, funcionários e gestores) se sentem respeitadas e valorizadas por pais e educandos? "|"1.5.2 As pessoas que trabalham na escola (professores, funcionários e gestores) se sentem respeitadas e valorizadas por pais e educandos? "
"1.5.3 Esta questão não se refere a este segmento."|"1.5.3 Pais, responsáveis e educandos são atendidos cordialmente pela Secretaria da Unidade Educacional?"|"1.5.3 Esta questão não se refere a este segmento."|"1.5.3 Pais, responsáveis e educandos são atendidos cordialmente pela Secretaria da Unidade Educacional?"
"1.5.4 Esta questão não se refere a este segmento."|"1.5.4 A equipe escolar é respeitosa e afetuosa com os educandos?"|"1.5.4 A equipe escolar é respeitosa e afetuosa com os educandos?"|"1.5.4 A equipe escolar é respeitosa e afetuosa com os educandos?"
"1.6.1 A comunidade escolar conhece o Estatuto da Criança e do Adolescente (ECA) e respeitam os direitos nele estabelecidos?"|"1.6.1 A comunidade escolar conhece o Estatuto da Criança e do Adolescente (ECA) e respeitam os direitos nele estabelecidos?"|"1.6.1 A comunidade escolar conhece o Estatuto da Criança e do Adolescente (ECA) e respeitam os direitos nele estabelecidos?"|"1.6.1 A comunidade escolar conhece o Estatuto da Criança e do Adolescente (ECA) e respeitam os direitos nele estabelecidos? "
"1.6.2 Esta questão não se refere a este segmento."|"1.6.2 O ECA é abordado nas atividades realizadas na Unidade Educacional? "|"1.6.2 O ECA é abordado nas atividades realizadas na Unidade Educacional? "|"1.6.2 O ECA é abordado nas atividades realizadas na Unidade Educacional? "
"1.7.1 Esta questão não se refere a este segmento."|"1.7.1 A escola combate e intervém imediatamente quando ocorrem práticas dos adultos que desrespeitam a integridade das crianças (castigos, beliscões, tapas, práticas de colocá-las no cantinho para “pensar”, gritos, comentários que humilham as crianças, xingamentos ou manifestações de raiva devido a cocô e xixi, entre outros)? "|"1.7.1 A escola combate e intervém imediatamente quando ocorrem práticas dos adultos que desrespeitam a integridade das crianças (castigos, beliscões, tapas, práticas de colocá-las no cantinho para “pensar”, gritos, comentários que humilham as crianças, xingamentos ou manifestações de raiva devido a cocô e xixi, entre outros)? "|"1.7.1 A escola combate e intervém imediatamente quando ocorrem práticas dos adultos que desrespeitam a integridade das crianças (castigos, beliscões, tapas, práticas de colocá-las no cantinho para “pensar”, gritos, comentários que humilham as crianças, xingamentos ou manifestações de raiva devido a cocô e xixi, entre outros)? "
"1.7.2 Quando há conflitos entre as crianças ou situações em que uma criança faz uso de apelidos ou brincadeiras que humilham outra criança, os professores e demais profissionais intervém prontamente?"|"1.7.2 Quando há conflitos entre as crianças ou situações em que uma criança faz uso de apelidos ou brincadeiras que humilham outra criança, os professores e demais profissionais intervêm prontamente? "|"1.7.2 Quando há conflitos entre as crianças ou situações em que uma criança faz uso de apelidos ou brincadeiras que humilham outra criança, as professoras e demais profissionais intervêm prontamente? "|"1.7.2 Quando há conflitos entre as crianças ou situações em que uma criança faz uso de apelidos ou brincadeiras que humilham outra criança, os professores e demais profissionais intervêm prontamente? "
"1.8.1 Os professores e demais profissionais chamam as crianças pelos seus nomes? "|"1.8.1 Os professores e demais profissionais chamam as crianças pelos nomes? "|"1.8.1 Os professores e demais profissionais chamam as crianças pelos nomes? "|"1.8.1 Os professores e demais profissionais chamam as crianças pelos nomes? "
"1.8.2 Esta questão não se refere a este segmento."|"1.8.2 A escola observa e atende aos interesses e necessidades das crianças que são recém-chegadas, estão mudando de grupo ou se desligando da escola? "|"1.8.2 A escola observa e atende aos interesses e necessidades das crianças que são recém-chegadas, estão mudando de grupo ou se desligando da escola? "|"1.8.2 A escola observa e atende aos interesses e necessidades das crianças que são recém-chegadas, estão mudando de grupo ou se desligando da escola? "
"1.8.3 Os professores ajudam as crianças a manifestar os seus sentimentos (alegria, tristeza, raiva, ciúme, decepção etc.) e a perceber os sentimentos dos colegas e dos adultos? "|"1.8.3 Os professores ajudam as crianças a manifestar os seus sentimentos (alegria, tristeza, raiva, ciúme, decepção etc.) e a perceber os sentimentos dos colegas e dos adultos? "|"1.8.3 Os professores ajudam as crianças a manifestar os seus sentimentos (alegria, tristeza, raiva, ciúme, decepção etc.) e a perceber os sentimentos dos colegas e dos adultos? "|"1.8.3 Os professores ajudam as crianças a manifestar os seus sentimentos (alegria, tristeza, raiva, ciúme, decepção etc.) e a perceber os sentimentos dos colegas e dos adultos? "
"1.9.1 Esta questão não se refere a este segmento."|"1.9.1 A equipe escolar reconhece e elogia as crianças diante de suas conquistas? "|"1.9.1 Esta questão não se refere a este segmento."|"1.9.1 A equipe escolar reconhece e elogia as crianças diante de suas conquistas? "
"1.9.2 Os professores e demais profissionais acolhem as propostas, invenções e descobertas das crianças, incorporando-as como parte das atividades sempre que possível? "|"1.9.2 Esta questão não se refere a este segmento."|"1.9.2 Os professores e demais profissionais acolhem as propostas, invenções e descobertas das crianças, incorporando-as como parte das atividades sempre que possível? "|"1.9.2 Os professores e demais profissionais acolhem as propostas, invenções e descobertas das crianças, incorporando-as como parte das atividades sempre que possível? "
,"1.9.3 As produções das crianças estão expostas nas salas de atividades e ambientes da escola? "|"1.9.3 As produções das crianças estão expostas nas salas de atividades e ambientes da escola? "|"1.9.3 Esta questão não se refere a este segmento."
"1.10.1 Esta questão não se refere a este segmento."|"1.10.1 Os professores organizam, diariamente, espaços, brincadeiras e materiais que promovam oportunidades de interação entre crianças da mesma e de diferentes faixas etárias e com deficiência? "|"1.10.1 Os professores organizam, diariamente, espaços, brincadeiras e materiais que promovam oportunidades de interação entre crianças da mesma e de diferentes faixas etárias e com deficiência? "|"1.10.1 Os professores organizam, diariamente, espaços, brincadeiras e materiais que promovam oportunidades de interação entre crianças da mesma e de diferentes faixas etárias e com deficiência? "
"2.1.1 Esta questão não se refere a este segmento."|"2.1.1 A quadra destinada à prática de esportes é bem aproveitada por todos os educandos?"|"2.1.1 A quadra destinada à prática de esportes é bem aproveitada por todos os educandos?"|"2.1.1 A quadra destinada à prática de esportes é bem aproveitada por todos os educandos?"
"2.1.2 O espaço físico escolar é acessível para todas as pessoas transitarem com autonomia no seu interior?"|"2.1.2 O espaço físico escolar é acessível para todas as pessoas transitarem com autonomia no seu interior?"|"2.1.2 O espaço físico escolar é acessível para todas as pessoas transitarem com autonomia no seu interior?"|"2.1.2 O espaço físico escolar é acessível para todas as pessoas transitarem com autonomia no seu interior?"
"2.1.3 As salas de aula permitem a reorganização do mobiliário de acordo com as atividades diversificadas nela desenvolvidas, tais como: roda de conversas, trabalho em grupo, entre outros?"|"2.1.3 As salas de aula permitem a reorganização do mobiliário de acordo com as atividades diversificadas nela desenvolvidas, tais como: roda de conversas, trabalho em grupo, entre outros?"|"2.1.3 As salas de aula permitem a reorganização do mobiliário de acordo com as atividades diversificadas nela desenvolvidas, tais como: roda de conversas, trabalho em grupo, entre outros?"|"2.1.3 As salas de aula permitem a reorganização do mobiliário de acordo com as atividades diversificadas nela desenvolvidas, tais como: roda de conversas, trabalho em grupo, entre outros?"
"2.1.4 Os espaços da escola estão disponibilizados para a realização de atividades diversificadas extraclasse, tais como: concretização de receitas, contemplação da natureza, locais para brincadeiras, entre outras?"|"2.1.4 Os espaços da escola estão disponibilizados para a realização de atividades diversificadas extraclasse, tais como: concretização de receitas, contemplação da natureza, locais para brincadeiras, entre outras?"|"2.1.4 Os espaços da escola estão disponibilizados para a realização de atividades diversificadas extraclasse, tais como: concretização de receitas, contemplação da natureza, locais para brincadeiras, entre outras?"|"2.1.4 Os espaços da escola estão disponibilizados para a realização de atividades diversificadas extraclasse, tais como: concretização de receitas, contemplação da natureza, locais para brincadeiras, entre outras?"
"2.1.5 As vias para acesso de pessoas com deficiência estão em boas condições de uso?"|"2.1.5 As vias para acesso de pessoas com deficiência estão em boas condições de uso?"|"2.1.5 As vias para acesso de pessoas com deficiência estão em boas condições de uso?"|"2.1.5 As vias para acesso de pessoas com deficiência estão em boas condições de uso?"
"2.2.1 Há espaço organizado para a leitura, como biblioteca ou cantinho de leitura, equipado com livros, com estantes, revistas e outros materiais acessíveis às crianças?"|"2.2.1 Há espaço organizado para a leitura, como biblioteca ou cantinho de leitura, equipado com livros, com estantes, revistas e outros materiais acessíveis às crianças?"|"2.2.1 Há espaço organizado para a leitura, como biblioteca ou cantinho de leitura, equipado com livros, com estantes, revistas e outros materiais acessíveis às crianças?"|"2.2.1 Há espaço organizado para a leitura, como biblioteca ou cantinho de leitura, equipado com livros, com estantes, revistas e outros materiais acessíveis às crianças?"
"2.2.2 Os espaços e equipamentos são acessíveis para acolher as crianças com deficiência?"|"2.2.2 Os espaços e equipamentos são acessíveis para acolher as crianças com deficiência?"|"2.2.2 Os espaços e equipamentos são acessíveis para acolher as crianças com deficiência?"|"2.2.2 Os espaços e equipamentos são acessíveis para acolher as crianças com deficiência?"
"2.2.3 A escola disponibiliza, nas salas, espelhos seguros e na altura das crianças, para que possam brincar e observar a própria imagem diariamente?"|"2.2.3 Esta questão não se refere a este segmento."|"2.2.3 A escola disponibiliza, nas salas, espelhos seguros e na altura das crianças, para que possam brincar e observar a própria imagem diariamente?"|"2.2.3 Esta questão não se refere a este segmento."
"2.3.1 Esta questão não se refere a este segmento."|"2.3.1 Há instrumentos musicais de diversas variedades e em quantidade suficiente?"|"2.3.1 Há instrumentos musicais de diversas variedades e em quantidade suficiente?"|"2.3.1 Há instrumentos musicais de diversas variedades e em quantidade suficiente?"
"2.3.2 Há na escola materiais pedagógicos diversos para desenhar, pintar, modelar, construir objetos tridimensionais (barro, argila, massinha), escrever e experimentar?"|"2.3.2 Há na escola materiais pedagógicos diversos para desenhar, pintar, modelar, construir objetos tridimensionais (barro, argila, massinha), escrever e experimentar?"|"2.3.2 Há na escola materiais pedagógicos diversos para desenhar, pintar, modelar, construir objetos tridimensionais (barro, argila, massinha), escrever e experimentar?"|"2.3.2 Há na escola materiais pedagógicos diversos para desenhar, pintar, modelar, construir objetos tridimensionais (barro, argila, massinha), escrever e experimentar?"
"2.3.3 Há livros e outros materiais de leitura, brinquedos, materiais pedagógicos e audiovisuais adequados às necessidades das crianças com deficiência?"|"2.3.3 Há livros e outros materiais de leitura, brinquedos, materiais pedagógicos e audiovisuais adequados às necessidades das crianças com deficiência?"|"2.3.3 Há livros e outros materiais de leitura, brinquedos, materiais pedagógicos e audiovisuais adequados às necessidades das crianças com deficiência?"|"2.3.3 Há livros e outros materiais de leitura, brinquedos, materiais pedagógicos e audiovisuais adequados às necessidades das crianças com deficiência?"
"2.4.1 Esta questão não se refere a este segmento."|"2.4.1 Esta questão não se refere a este segmento."|"2.4.1 Há espaço que permita o descanso e o trabalho individual ou coletivo da equipe, que seja confortável, silencioso, com mobiliário adequado para adultos e separado dos espaços das crianças (para reuniões, estudos, momentos de formação e planejamento)?"|"2.4.1 Há espaço que permite o descanso e o trabalho individual ou coletivo da equipe, que seja confortável, silencioso, com mobiliário adequado para adultos e separado dos espaços das crianças (para reuniões, estudos, momentos de formação e planejamento)?"
"2.4.2 Esta questão não se refere a este segmento."|"2.4.2 Esta questão não se refere a este segmento."|"2.4.2 Há banheiro de uso exclusivo dos profissionais, com chuveiro, pia e vaso sanitário?"|"2.4.2 Há banheiro de uso exclusivo dos profissionais, com chuveiro, pia e vaso sanitário?"
"2.4.3 Esta questão não se refere a este segmento."|"2.4.3 Há fraldário/mesa/bancada, na altura adequada ao adulto, para troca de fraldas das crianças com deficiência?"|"2.4.3 Há fraldário/mesa/bancada, na altura adequada ao adulto, para troca de fraldas das crianças com deficiência? "|"2.4.3 Há fraldário/mesa/bancada, na altura adequada ao adulto, para troca de fraldas das crianças com deficiência? "
"3.1.1 Você conhece o PEPP da escola?"|"3.1.1 O senhor ou a senhora conhece o PEPP da escola?"|"3.1.1 O senhor ou a senhora conhece o PEPP da escola?"|"3.1.1 Professores, familiares, educandos, funcionários e gestores conhecem o PEPP da escola?"
"3.1.2 Você conhece o Plano de Trabalho Anual (PTA) da escola?"|"3.1.2 O senhor ou a senhora conhece o Plano de Trabalho Anual (PTA) da escola?"|"3.1.2 Professores, familiares, educandos, funcionários e gestores conhecem o Plano de Trabalho Anual (PTA) da escola?"|"3.1.2 Professores, familiares, educandos, funcionários e gestores conhecem o Plano de Trabalho Anual (PTA) da escola?"
"3.1.3 Você participa ativamente da elaboração, avaliação e monitoramento do PEPP e do PTA da escola? "|"3.1.3 O senhor ou a senhora participa ativamente da elaboração, avaliação e monitoramento do PEPP e do PTA da escola? "|"3.1.3 O senhor ou a senhora participa ativamente da elaboração, avaliação e monitoramento do PEPP e do PTA da escola?"|"3.1.3 Professores, familiares, educandos, diretor, funcionários e outros membros da comunidade escolar estão participando ativamente da elaboração, avaliação e monitoramento do PEPP e do PTA da escola?"
"3.1.4 O plano de ação de cada segmento é anexado nos painéis das Unidades Educacionais, para que os envolvidos certifiquem-se das metas alcançadas e a serem alcançadas?"|"3.1.4 O plano de ação de cada segmento é anexado nos painéis das Unidades Educacionais, para que os envolvidos certifiquem-se das metas alcançadas e a serem alcançadas?"|"3.1.4 O plano de ação de cada segmento é anexado nos painéis das Unidades Educacionais, para que os envolvidos certifiquem-se das metas alcançadas e a serem alcançadas?"|"3.1.4 O plano de ação de cada segmento é anexado nos painéis das Unidades Educacionais, para que os envolvidos certifiquem-se das metas alcançadas e a serem alcançadas?"
"3.2.1 Esta questão não se refere a este segmento."|"3.2.1 Esta questão não se refere a este segmento."|"3.2.1 Esta questão não se refere a este segmento."|"3.2.1 Os professores fazem registros qualificados do ponto de vista pedagógico, ou seja, sobre as brincadeiras, vivências, produções e aprendizagens de cada criança e do grupo? "
"3.2.2 Esta questão não se refere a este segmento."|"3.2.2 Esta questão não se refere a este segmento."|"3.2.2 Esta questão não se refere a este segmento."|"3.2.2 A escola possui documentação organizada sobre cada criança, como ficha de matrícula, cópia de documentos, cartão de vacinação e histórico de saúde? "
"3.3.1 Esta questão não se refere a este segmento."|"3.3.1 Esta questão não se refere a este segmento."|"3.3.1 Esta questão não se refere a este segmento."|"3.3.1 Os professores planejam regularmente suas aulas? "
"3.3.2 Esta questão não se refere a este segmento."|"3.3.2 Esta questão não se refere a este segmento."|"3.3.2 Esta questão não se refere a este segmento."|"3.3.2 O cumprimento do planejamento dos professores é acompanhado pela direção e orientação pedagógica da escola, semanalmente, nas reuniões pedagógicas? "
"3.3.3 Esta questão não se refere a este segmento."|"3.3.3 Esta questão não se refere a este segmento."|"3.3.3 Esta questão não se refere a este segmento."|"3.3.3 Os professores incorporam em seu planejamento práticas pedagógicas coerentes com o PEPP e o PTA? "
"3.3.4 Esta questão não se refere a este segmento."|"3.3.4 Esta questão não se refere a este segmento."|"3.3.4 Esta questão não se refere a este segmento."|"3.3.4 Os professores planejam com seus educandos uma rotina, com diversas atividades no dia, considerando os interesses e as necessidades de seus educandos?"
"3.3.5 Esta questão não se refere a este segmento."|"3.3.5 Esta questão não se refere a este segmento."|"3.3.5 Esta questão não se refere a este segmento."|"3.3.5 Os Horários de Trabalho Pedagógico (HTPs) previstos semanalmente estão favorecendo a melhoria da prática pedagógica?"
"3.3.6 Esta questão não se refere a este segmento."|"3.3.6 Esta questão não se refere a este segmento."|"3.3.6 Esta questão não se refere a este segmento."|"3.3.6 Os registros sobre as brincadeiras, vivências, produções e aprendizagens de cada criança e do grupo são utilizados como fonte de consulta para novos planejamentos?"
"3.3.7 Esta questão não se refere a este segmento."|"3.3.7 Esta questão não se refere a este segmento."|"3.3.7 Esta questão não se refere a este segmento."|"3.3.7 As atividades, referente ao projeto Lego, são planejadas com base nas formações recebidas pelos professores?"
"3.4.1 Professores e educandos desenvolvem atividades para refletir e formular propostas para os desafios que percebem no entorno da escola? "|"3.4.1 Professores e educandos desenvolvem atividades para refletir e formular propostas para os desafios que percebem no entorno da escola? "|"3.4.1 Professores e educandos desenvolvem atividades para refletir e formular propostas para os desafios que percebem no entorno da escola? "|"3.4.1 Professores e educandos desenvolvem atividades para refletir e formular propostas para os desafios que percebem no entorno da escola? "
"3.4.2 A escola promove visitas no bairro para que os educandos conheçam e aprendam a usar os equipamentos públicos da região (postos de saúde, hospitais, parques, praças, monumentos, museus, bibliotecas, centros culturais, Conselho Tutelar, Vara da Infância etc.)?"|"3.4.2 A escola promove visitas no bairro para que os educandos conheçam e aprendam a usar os equipamentos públicos da região (postos de saúde, hospitais, parques, praças, monumentos, museus, bibliotecas, centros culturais, Conselho Tutelar, Vara da Infância etc.)?"|"3.4.2 A escola promove visitas no bairro para que os educandos conheçam e aprendam a usar os equipamentos públicos da região (postos de saúde, hospitais, parques, praças, monumentos, museus, bibliotecas, centros culturais, Conselho Tutelar, Vara da Infância etc.)?"|"3.4.2 A escola promove visitas no bairro para que os educandos conheçam e aprendam a usar os equipamentos públicos da região (postos de saúde, hospitais, parques, praças, monumentos, museus, bibliotecas, centros culturais, Conselho Tutelar, Vara da Infância etc.)?"
"3.4.3 Esta questão não se refere a este segmento."|"3.4.3 Temáticas importantes para o processo educativo são tratadas na escola com os educandos e familiares (sexualidade, gravidez, alcoolismo e drogas, violência, emprego e desemprego, tráfico de drogas, namoro, relacionamento com os pais, amizade etc.), de acordo com a faixa etária e as demandas?"|"3.4.3 Temáticas importantes para o processo educativo são tratadas na escola com os educandos e familiares (sexualidade, gravidez, alcoolismo e drogas, violência, emprego e desemprego, tráfico de drogas, namoro, relacionamento com os pais, amizade etc.), de acordo com a faixa etária e as demandas? "|"3.4.3 Temáticas importantes para o processo educativo são tratadas na escola com os educandos e familiares (sexualidade, gravidez, alcoolismo e drogas, violência, emprego e desemprego, tráfico de drogas, namoro, relacionamento com os pais, amizade etc.), de acordo com a faixa etária e as demandas? "
"3.5.1 Os professores apoiam as crianças na conquista da autonomia para a realização dos cuidados diários (escovar os dentes, guardar os brinquedos, guardar os materiais pedagógicos, alcançar objetos, tirar e colocar calçados, lavar as mãos, servir-se nas refeições, usar o sanitário, entre outras)? "|"3.5.1 Os professores apoiam as crianças na conquista da autonomia para a realização dos cuidados diários (escovar os dentes, guardar os brinquedos, guardar os materiais pedagógicos, alcançar objetos, tirar e colocar calçados, lavar as mãos, servir-se nas refeições, usar o sanitário, entre outras)? "|"3.5.1 Os professores apoiam as crianças na conquista da autonomia para a realização dos cuidados diários (escovar os dentes, guardar os brinquedos, guardar os materiais pedagógicos, alcançar objetos, tirar e colocar calçados, lavar as mãos, servir-se nas refeições, usar o sanitário, entre outras)? "|"3.5.1 Os professores apoiam as crianças na conquista da autonomia para a realização dos cuidados diários (escovar os dentes, guardar os brinquedos, guardar os materiais pedagógicos, alcançar objetos, tirar e colocar calçados, lavar as mãos, servir-se nas refeições, usar o sanitário, entre outras)? "
"3.5.2 Os professores incentivam as crianças a escolherem brincadeiras, brinquedos e materiais? "|"3.5.2 Os professores incentivam as crianças a escolherem brincadeiras, brinquedos e materiais? "|"3.5.2 Esta questão não se refere a este segmento."|"3.5.2 Os professores incentivam as crianças a escolherem brincadeiras, brinquedos e materiais? "
"3.5.3 Os educandos são incentivados e orientados para o trabalho em grupo?"|"3.5.3 Os educandos são incentivados e orientados para o trabalho em grupo?"|"3.5.3 Esta questão não se refere a este segmento."|"3.5.3 Os educandos são incentivados e orientados para o trabalho em grupo?"
"3.5.4 Os educandos são incentivados e orientados para desenvolver pesquisas e experimentos? "|"3.5.4 Os educandos são incentivados e orientados para desenvolver pesquisas e experimentos? "|"3.5.4 Os educandos são incentivados e orientados para desenvolver pesquisas e experimentos? "|"3.5.4 Os educandos são incentivados e orientados para desenvolver pesquisas e experimentos? "
"3.5.5 A escola realiza feiras ou exposições das criações dos educandos (desenhos, poemas, invenções etc.)? "|"3.5.5 A escola realiza feiras ou exposições das criações dos educandos (por exemplo, desenhos, poemas, invenções)? "|"3.5.5 Esta questão não se refere a este segmento."|"3.5.5 A escola realiza feiras ou exposições das criações dos educandos (por exemplo, desenhos, poemas, invenções)? "
"3.5.6 Os brinquedos e jogos são guardados em locais de livre acesso às crianças? "|"3.5.6 Esta questão não se refere a este segmento."|"3.5.6 Esta questão não se refere a este segmento."|"3.5.6 Os brinquedos e jogos são guardados em locais de livre acesso às crianças? "
"3.5.7 Esta questão não se refere a este segmento."|"3.5.7 As crianças aprendem a guardar os brinquedos?"|"3.5.7 As crianças aprendem a guardar os brinquedos?"|"3.5.7 As crianças aprendem a guardar os brinquedos?"
"3.5.8 Os educandos têm oportunidade de propor, criar e realizar atividades na sala de aula e na escola como um todo? "|"3.5.8 Esta questão não se refere a este segmento.",,
"3.6.1 Os professores fazem uso de diferentes recursos pedagógicos (jornais, revistas, livros diversos, obras de arte, filmes) no ambiente escolar?"|"3.6.1 Os professores fazem uso de diferentes recursos pedagógicos (jornais, revistas, livros diversos, obras de arte, filmes) no ambiente escolar? "|"3.6.1 Os professores fazem uso de diferentes recursos pedagógicos (jornais, revistas, livros diversos, obras de arte, filmes) no ambiente escolar? "|"3.6.1 Os professores fazem uso de diferentes recursos pedagógicos (jornais, revistas, livros diversos, obras de arte, filmes) no ambiente escolar? "
"3.6.2 Esta questão não se refere a este segmento."|"3.6.2 As atividades de casa são passadas de forma adequada para consolidar e ampliar o conhecimento do educando?"|"3.6.2 Esta questão não se refere a este segmento."|"3.6.2 As atividades de casa são passadas de forma adequada para consolidar e ampliar o conhecimento do educando?"
"3.6.3 Você considera que o projeto “Escolinha do Futuro” contribui para o desenvolvimento integral das crianças e jovens?"|"3.6.3 O senhor ou a senhora considera que o projeto “Escolinha do Futuro” contribui para o desenvolvimento integral das crianças e jovens?"|"3.6.3 O senhor ou a senhora considera que o projeto “Escolinha do Futuro” contribui para o desenvolvimento integral das crianças e jovens?"|"3.6.3 Esta questão não se refere a este segmento."
"3.6.4 Os professores propõem atividades pedagógicas fora da escola, como passeios, excursões etc.? "|"3.6.4 Os professores propõem atividades pedagógicas fora da escola, como passeios, excursões etc.? "|"3.6.4 Os professores propõem atividades pedagógicas fora da escola, como passeios, excursões etc.? "|"3.6.4 Os professores propõem atividades pedagógicas fora da escola, como passeios, excursões etc.? "
"3.7.1 Educandos com deficiência ou qualquer tipo de necessidade recebem o apoio individualizado dos professores, funcionários e direção da escola para a efetiva equiparação de oportunidades de aprendizagem?"|"3.7.1 Educandos com deficiência ou qualquer tipo de necessidade recebem o apoio individualizado dos professores, funcionários e direção da escola para a efetiva equiparação de oportunidades de aprendizagem?"|"3.7.1 Educandos com deficiência ou qualquer tipo de necessidade recebem o apoio individualizado dos professores, funcionários e direção da escola para a efetiva equiparação de oportunidades de aprendizagem?"|"3.7.1 Educandos com deficiência ou qualquer tipo de necessidade recebem o apoio individualizado dos professores, funcionários e direção da escola para a efetiva equiparação de oportunidades de aprendizagem?"
"3.7.2 A escola cuida para que todos os educandos (negros, brancos, indígenas, pessoas com deficiência, homens ou mulheres, homossexuais ou não) recebam a mesma atenção no ambiente escolar? "|"3.7.2 A escola cuida para que todos os educandos (negros, brancos, indígenas, pessoas com deficiência, homens ou mulheres, homossexuais ou não) recebam a mesma atenção no ambiente escolar? "|"3.7.2 A escola cuida para que todos os educandos (negros, brancos, indígenas, pessoas com deficiência, homens ou mulheres, homossexuais ou não) recebam a mesma atenção no ambiente escolar? "|"3.7.2 A escola cuida para que todos os educandos (negros, brancos, indígenas, pessoas com deficiência, homens ou mulheres, homossexuais ou não) recebam a mesma atenção no ambiente escolar? "
"3.7.3 A escola é um espaço de respeito à criação e à expressão das tradições culturais das crianças, das famílias e da comunidade?"|"3.7.3 A escola é um espaço de respeito à criação e à expressão das tradições culturais das crianças, das famílias e da comunidade?"|"3.7.3 A escola é um espaço de respeito à criação e à expressão das tradições culturais das crianças, das famílias e da comunidade?"|"3.7.3 A escola é um espaço de respeito à criação e à expressão das tradições culturais das crianças, das famílias e da comunidade?"
"3.7.4 Os professores promovem a participação das crianças com deficiência em todas as atividades do cotidiano?"|"3.7.4 Os professores promovem a participação das crianças com deficiência em todas as atividades do cotidiano?"|"3.7.4 Os professores promovem a participação das crianças com deficiência em todas as atividades do cotidiano?"|"3.7.4 Os professores promovem a participação das crianças com deficiência em todas as atividades do cotidiano?"
"3.8.1 Os professores propõem, periodicamente, às crianças brincadeiras com sons, ritmos e melodias com a voz?"|"3.8.1 Os professores propõem, periodicamente, às crianças brincadeiras com sons, ritmos e melodias com a voz?"|"3.8.1 Os professores propõem, periodicamente, às crianças brincadeiras com sons, ritmos e melodias com a voz?"|"3.8.1 Os professores propõem, periodicamente, às crianças brincadeiras com sons, ritmos e melodias com a voz?"
"3.8.2 As crianças são incentivadas a produzir pinturas, desenhos, esculturas, com materiais diversos e adequados à faixa etária?"|"3.8.2 As crianças são incentivadas a produzir pinturas, desenhos, esculturas, com materiais diversos e adequados à faixa etária?"|"3.8.2 As crianças são incentivadas a produzir pinturas, desenhos, esculturas, com materiais diversos e adequados à faixa etária?"|"3.8.2 Os professores incentivam as crianças a produzir pinturas, desenhos, esculturas, com materiais diversos e adequados à faixa etária? "
"3.8.3 Esta questão não se refere a este segmento."|"3.8.3 Esta questão não se refere a este segmento."|"3.8.3 Esta questão não se refere a este segmento."|"3.8.3 Os professores oportunizam o uso constante do Lego em sala de aula, explorando propostas diversificadas de utilização?"
"3.9.1 Esta questão não se refere a este segmento."|"3.9.1 A equipe escolar é atendida e orientada pelo CTP?"|"3.9.1 A equipe escolar é atendida e orientada pelo CTP?"|"3.9.1 A equipe escolar é atendida e orientada pelo CTP?"
"3.9.2 Esta questão não se refere a este segmento"|"3.9.2 O CTP realiza orientações específicas às famílias que têm dificuldade na organização/sistematização da vida escolar do educando?"|"3.9.2 O CTP realiza orientações específicas às famílias que têm dificuldade na organização/sistematização da vida escolar do educando?"|"3.9.2 O CTP realiza orientações específicas às famílias que têm dificuldade na organização/sistematização da vida escolar do educando?"
"3.9.3 Esta questão não se refere a este segmento"|"3.9.3 O CTP encaminha e orienta os profissionais e educandos quando estes possuam dificuldades?"|"3.9.3 O CTP encaminha e orienta os profissionais e educandos quando estes possuam dificuldades?"|"3.9.3 O CTP encaminha e orienta os profissionais e educandos quando estes possuam dificuldades?"
"3.9.4 Esta questão não se refere a este segmento"|"3.9.4 O CTP dialoga com os educandos e familiares, de modo a conhecer suas características/demandas, e articula projetos para atender as necessidades?"|"3.9.4 O CTP dialoga com os educandos e familiares, de modo a conhecer suas características/demandas, e articula projetos para atender as necessidades?"|"3.9.4 O CTP dialoga com os educandos e familiares, de modo a conhecer suas características/demandas, e articula projetos para atender as necessidades?"
"3.9.5 Esta questão não se refere a este segmento"|"3.9.5 Esta questão não se refere a este segmento."|"3.9.5 O CTP possui plano de trabalho/planejamento prévio nas ações desenvolvidas na escola? "|"3.9.5 O CTP possui plano de trabalho/planejamento prévio nas ações desenvolvidas na escola? "
"4.1.1 Esta questão não se refere a este segmento."|"4.1.1 Esta questão não se refere a este segmento."|"4.1.1 Esta questão não se refere a este segmento."|"4.1.1 Os professores observam a progressão dos educandos e suas principais dificuldades (corrigem trabalhos, circulam pela classe enquanto os educandos estão fazendo seus exercícios, incentivam os educandos a fazer perguntas e tirar dúvidas)? "
"4.1.2 Esta questão não se refere a este segmento."|"4.1.2 A escola estabelece relação clara entre os objetivos de aprendizagem, as atividades de ensino e a avaliação dos educandos? "|"4.1.2 Esta questão não se refere a este segmento."|"4.1.2 A escola estabelece relação clara entre os objetivos de aprendizagem, as atividades de ensino e a avaliação dos educandos? "
"4.1.3 Esta questão não se refere a este segmento."|"4.1.3 O encaminhamento à Sala de Apoio Pedagógico (SAP) tem proporcionado avanços na aprendizagem e desenvolvimento dos educandos? "|"4.1.3 Esta questão não se refere a este segmento."|"4.1.3 O encaminhamento à Sala de Apoio Pedagógico (SAP) tem proporcionado avanços na aprendizagem e desenvolvimento dos educandos? "
"4.1.4 Esta questão não se refere a este segmento."|"4.1.4 O encaminhamento à Sala de Atendimento Educacional Especializada (SAEE) tem proporcionado avanços na aprendizagem e desenvolvimento dos educandos? "|"4.1.4 Esta questão não se refere a este segmento."|"4.1.4 O encaminhamento à Sala de Atendimento Educacional Especializada (SAEE) tem proporcionado avanços na aprendizagem e desenvolvimento dos educandos? "
"4.2.1 Esta questão não se refere a este segmento."|"4.2.1 Os professores fazem uso de diferentes instrumentos de avaliação (provas, trabalhos, pesquisas, seminários)? "|"4.2.1 Esta questão não se refere a este segmento."|"4.2.1 Os professores fazem uso de diferentes instrumentos de avaliação (provas, trabalhos, pesquisas, seminários)? "
"4.2.2 Os educandos podem mostrar suas aprendizagens e seus trabalhos de formas variadas (oralmente, por escrito, por meio de informática, de linguagem corporal, dos recursos das artes, das brincadeiras, entre outras)? "|"4.2.2 Os educandos podem mostrar suas aprendizagens e seus trabalhos de formas variadas (oralmente, por escrito, por meio de informática, de linguagem corporal, dos recursos das artes, das brincadeiras, entre outras)? "|"4.2.2 Os educandos podem mostrar suas aprendizagens e seus trabalhos de formas variadas (oralmente, por escrito, por meio de informática, de linguagem corporal, dos recursos das artes, das brincadeiras, entre outras)? "|"4.2.2 Os educandos podem mostrar suas aprendizagens e seus trabalhos de formas variadas (oralmente, por escrito, por meio de informática, de linguagem corporal, dos recursos das artes, das brincadeiras, entre outras)? "
"4.2.3 Você é informado e orientado sobre os critérios de atribuições de notas, reprovação, aprovação e reagrupamento dos educandos?"|"4.2.3 O senhor ou a senhora é informado e orientado sobre os critérios de atribuições de notas, reprovação, aprovação e reagrupamento dos educandos?"|"4.2.3 Esta questão não se refere a este segmento."|"4.2.3 Os critérios de atribuições de notas, reprovação, aprovação e reagrupamento dos educandos são assuntos abordados com os educandos e suas famílias?"
,"4.2.4 Esta questão não se refere a este segmento."|"4.2.4 Esta questão não se refere a este segmento."|"4.2.4 A atribuição de notas ou conceitos é discutida entre os professores?"
"4.3.1 Os professores envolvem os educandos na organização, realização e avaliação das atividades desenvolvidas em sala de aula, valorizando assim a participação de todos no desenvolvimento do curso?"|"4.3.1 Os professores envolvem os educandos na organização, realização e avaliação das atividades desenvolvidas em sala de aula, valorizando assim a participação de todos no desenvolvimento do curso?"|"4.3.1 Esta questão não se refere a este segmento."|"4.3.1 Os professores envolvem os educandos na organização, realização e avaliação das atividades desenvolvidas em sala de aula, valorizando assim a participação de todos no desenvolvimento do curso?"
"4.3.2 Os educandos são orientados pelos professores a fazer autoavaliação (falar, ouvir, escrever, expressar o que aprenderam)? "|"4.3.2 Os educandos são orientados pelos professores a fazer autoavaliação (falar, ouvir, escrever, expressar o que aprenderam)? "|"4.3.2 Esta questão não se refere a este segmento."|"4.3.2 Os educandos são orientados pelos professores a fazer autoavaliação (falar, ouvir, escrever, expressar o que aprenderam)? "
"4.3.3 Os educandos são informados sobre seu direito de contestar os critérios avaliativos?"|"4.3.3 Os educandos e familiares são informados sobre seu direito de contestar os critérios avaliativos? "|"4.3.3 Esta questão não se refere a este segmento."|"4.3.3 Os educandos e familiares são informados sobre seu direito de contestar os critérios avaliativos? "
"4.4.1 Esta questão não se refere a este segmento."|"4.4.1 Esta questão não se refere a este segmento."|"4.4.1 Existe o interesse de que a escola desenvolva algum procedimento anual para avaliar o desempenho profissional das pessoas que nela trabalham?"|"4.4.1 Existe o interesse de que a escola desenvolva algum procedimento anual para avaliar o desempenho profissional das pessoas que nela trabalham?"
"4.5.1 A Unidade Educacional tem compartilhado os resultados das avaliações anuais com a comunidade envolvida?"|"4.5.1 A Unidade Educacional tem compartilhado os resultados das avaliações anuais com a comunidade envolvida?"|"4.5.1 A Unidade Educacional tem compartilhado os resultados das avaliações anuais com a comunidade envolvida?"|"4.5.1 A Unidade Educacional tem compartilhado os resultados das avaliações anuais com a comunidade envolvida?"
"4.5.2 A Unidade Educacional tem conseguido refletir e analisar coletivamente os resultados da avaliação educacional?"|"4.5.2 A Unidade Educacional tem conseguido refletir e analisar coletivamente os resultados da avaliação educacional?"|"4.5.2 A Unidade Educacional tem conseguido refletir e analisar coletivamente os resultados da avaliação educacional?"|"4.5.2 A Unidade Educacional tem conseguido refletir e analisar coletivamente os resultados da avaliação educacional?"
"4.5.3 Estão sendo desenvolvidas ações para os desafios apresentados pelos resultados da avaliação educacional?"|"4.5.3 Estão sendo desenvolvidas ações para os desafios apresentados pelos resultados da avaliação educacional?"|"4.5.3 Estão sendo desenvolvidas ações para os desafios apresentados pelos resultados da avaliação educacional?"|"4.5.3 Estão sendo desenvolvidas ações para os desafios apresentados pelos resultados da avaliação educacional?"
"4.6.1 Esta questão não se refere a este segmento."|"4.6.1 A comunidade escolar é informada sobre as avaliações de aprendizagens e resultados da Prova Brasil e o Ideb da sua Unidade Educacional?"|"4.6.1 A comunidade escolar é informada sobre as avaliações de aprendizagens e resultados da Prova Brasil e o Ideb da sua Unidade Educacional?"|"4.6.1 A comunidade escolar é informada sobre as avaliações de aprendizagens e resultados da Prova Brasil e o Ideb da sua Unidade Educacional?"
"4.6.2 Esta questão não se refere a este segmento."|"4.6.2 O significado dessas avaliações é discutido com os senhores?"|"4.6.2 O significado dessas avaliações é discutido com os senhores?"|"4.6.2 O significado dessas avaliações é discutido na escola (em sala de aula, reuniões de professores, reuniões pedagógicas etc.)?"
"4.6.3 Esta questão não se refere a este segmento."|"4.6.3 Os indicadores referentes à escola estão afixados em local visível?"|"4.6.3 Os indicadores referentes à escola estão afixados em local visível?"|"4.6.3 Esta questão não se refere a este segmento."
"5.1.1 A escola oferece oportunidades diversificadas para educandos que têm dificuldades de aprendizagem, como lições extras, acompanhamento escolar ou encaminhamento para a SAP?"|"5.1.1 A escola oferece oportunidades diversificadas para educandos que têm dificuldades de aprendizagem (como lições extras, acompanhamento escolar, encaminhamento para a SAP, solicitação de formadores para realização de debates etc.)?"|"5.1.1 Esta questão não se refere a este segmento."|"5.1.1 A escola oferece oportunidades diversificadas para educandos que têm dificuldades de aprendizagem (como lições extras, acompanhamento escolar, encaminhamento para a SAP, solicitação de formadores para realização de debates etc.)?"
"5.1.2 Esta questão não se refere a este segmento."|"5.1.2 A comunidade escolar, por intermédio do Conselho de Gestão Compartilhada (CGC), busca compreender as causas das reprovações?"|"5.1.2 Esta questão não se refere a este segmento."|"5.1.2 A comunidade escolar, por intermédio do Conselho de Gestão Compartilhada (CGC), busca compreender as causas das reprovações?"
"5.1.3 No dia a dia, os professores dão atenção individual àqueles educandos que apresentam dificuldades de aprendizagem e problemas de relacionamento em grupo? "|"5.1.3 No dia a dia, os professores dão atenção individual àqueles educandos que apresentam dificuldades de aprendizagem e problemas de relacionamento em grupo? "|"5.1.3 No dia a dia, os professores dão atenção individual àqueles educandos que apresentam dificuldades de aprendizagem e problemas de relacionamento em grupo? "|"5.1.3 No dia a dia, os professores dão atenção individual àqueles educandos que apresentam dificuldades de aprendizagem e problemas de relacionamento em grupo? "
"5.2.1 As atividades oferecidas pelo projeto “Escolinha do Futuro” estão adequadas aos interesses das crianças?"|"5.2.1 As atividades oferecidas pelo projeto “Escolinha do Futuro” estão adequadas aos interesses das crianças?"|"5.2.1 Esta questão não se refere a este segmento."|"5.2.1 As atividades oferecidas pelo projeto “Escolinha do Futuro” estão adequadas aos interesses das crianças?"
"5.2.2 Esta questão não se refere a este segmento."|"5.2.2 Além da educação formal, a escola oferece outras oportunidades educativas para a comunidade?"|"5.2.2 Esta questão não se refere a este segmento."|"5.2.2 Além da educação formal, a escola oferece outras oportunidades educativas para a comunidade?"
"5.3.1 Esta questão não se refere a este segmento."|"5.3.1 A equipe escolar procura compreender as causas das faltas dos educandos e toma as providências necessárias? "|"5.3.1 A equipe escolar procura compreender as causas das faltas dos educandos e toma as providências necessárias? "|"5.3.1 A equipe escolar procura compreender as causas das faltas dos educandos e toma as providências necessárias? "
"5.3.2 Esta questão não se refere a este segmento."|"5.3.2 A escola informa ao Conselho Tutelar o excesso de falta ou abandono do educando? "|"5.3.2 A escola informa ao Conselho Tutelar o excesso de falta ou abandono do educando? "|"5.3.2 A escola informa ao Conselho Tutelar o excesso de falta ou abandono do educando? "
"5.4.1 Esta questão não se refere a este segmento."|"5.4.1 A escola adota alguma medida para trazer de volta educandos que se evadiram ou abandonaram a escola?"|"5.4.1 A escola adota alguma medida para trazer de volta educandos que se evadiram ou abandonaram a escola? "|"5.4.1 A escola adota alguma medida para trazer de volta educandos que se evadiram ou abandonaram a escola? "
"5.4.2 Esta questão não se refere a este segmento."|"5.4.2 A equipe escolar busca compreender as causas do abandono e da evasão no âmbito do CGC? "|"5.4.2 A equipe escolar busca compreender as causas do abandono e da evasão no âmbito do CGC? "|"5.4.2 A equipe escolar busca compreender as causas do abandono e da evasão no âmbito do CGC? "
"6.1.1 A escola dispõe de um cardápio nutricional variado e rico que atenda às necessidades das crianças?"|"6.1.1 A escola dispõe de um cardápio nutricional variado e rico que atenda às necessidades das crianças?"|"6.1.1 A escola dispõe de um cardápio nutricional variado e rico, que atenda às necessidades das crianças?"|"6.1.1 A escola dispõe de um cardápio nutricional variado e rico que atenda às necessidades das crianças?"
"6.1.2 Esta questão não se refere a este segmento."|"6.1.2 O senhor ou a senhora é informada sobre a alimentação das crianças?"|"6.1.2 As famílias são informadas sobre a alimentação das crianças e suas necessidades são bem recebidas?"|"6.1.2 As famílias são informadas sobre a alimentação das crianças?"
"6.1.3 Os educandos possuem autonomia para se servirem (self-service)?"|"6.1.3 Esta questão não se refere a este segmento."|"6.1.3 Os educandos possuem autonomia para se servirem (self-service)?"|"6.1.3 Os educandos possuem autonomia para se servirem (self-service)?"
"6.1.4 Esta questão não se refere a este segmento."|"6.1.4 Esta questão não se refere a este segmento."|"6.1.4 As cozinheiras recebem formação com a equipe de nutricionistas para a devida adaptação do cardápio àqueles que necessitam de dietas especiais?"|"6.1.4 Esta questão não se refere a este segmento."
"6.1.5 Os educandos usufruem de um ambiente agradável e tranquilo para as refeições? "|"6.1.5 Os educandos usufruem de um ambiente agradável e tranquilo para as refeições? "|"6.1.5 Esta questão não se refere a este segmento."|"6.1.5 Os educandos usufruem de um ambiente agradável e tranquilo para as refeições? "
"6.2.1 As salas de atividades e demais ambientes internos e externos são agradáveis, limpos, ventilados e tranquilos, com acústica, iluminação e acessibilidade adequadas?"|"6.2.1 As salas de atividades e demais ambientes internos e externos são agradáveis, limpos, ventilados e tranquilos, com acústica, iluminação e acessibilidade adequadas?"|"6.2.1 As salas de atividades e demais ambientes internos e externos são agradáveis, limpos, ventilados e tranquilos, com acústica, iluminação e acessibilidade adequadas?"|"6.2.1 As salas de atividades e demais ambientes internos e externos são agradáveis, limpos, ventilados e tranquilos, com acústica, iluminação e acessibilidade adequadas?"
"6.2.2 O nível de ruído produzido na escola é amplamente discutido entre adultos e crianças de modo não coercivo favorecendo o estabelecimento de uma ambiência escolar mais agradável?"|"6.2.2 Esta questão não se refere a este segmento."|"6.2.2 O nível de ruído produzido na escola é amplamente discutido entre adultos e crianças de modo não coercivo, favorecendo o estabelecimento de uma ambiência escolar mais agradável?"|"6.2.2 O nível de ruído produzido na escola é amplamente discutido entre adultos e crianças de modo não coercivo, favorecendo o estabelecimento de uma ambiência escolar mais agradável?"
"6.2.3 Esta questão não se refere a este segmento."|"6.2.3 São tomados os cuidados necessários com a limpeza e com a higiene nos momentos de troca de fraldas, quando necessário, e uso dos sanitários (lixeiras com pedal e tampa, retirada das fraldas sujas do ambiente imediatamente após as trocas, higiene das mãos)?"|"6.2.3 São tomados os cuidados necessários com a limpeza e com a higiene nos momentos de troca de fraldas , quando necessário, e uso dos sanitários (lixeiras com pedal e tampa, retirada das fraldas sujas do ambiente imediatamente após as trocas, higiene das mãos)?"|"6.2.3 São tomados os cuidados necessários com a limpeza e com a higiene nos momentos de troca de fraldas, quando necessário, e uso dos sanitários (lixeiras com pedal e tampa, retirada das fraldas sujas do ambiente imediatamente após as trocas, higiene das mãos)?"
"6.3.1 Esta questão não se refere a este segmento."|"6.3.1 A escola dispõe de adequados equipamentos de segurança contra incêndio?"|"6.3.1 A escola dispõe de adequados equipamentos de segurança contra incêndio?"|"6.3.1 A escola dispõe de adequados equipamentos de segurança contra incêndio?"
"6.3.2 Esta questão não se refere a este segmento."|"6.3.2 A escola dispõe de profissionais treinados para eventuais emergências e acidentes?"|"6.3.2 A escola dispõe de profissionais treinados para eventuais emergências e acidentes?"|"6.3.2 A escola dispõe de profissionais treinados para eventuais emergências e acidentes?"
"6.3.3 Esta questão não se refere a este segmento."|"6.3.3 A escola tem procedimentos preestabelecidos e conhecidos por todos, que devem ser tomados em caso de acidentes?"|"6.3.3 A escola tem procedimentos preestabelecidos e conhecidos por todos, que devem ser tomados em caso de acidentes?"|"6.3.3 A escola tem procedimentos preestabelecidos e conhecidos por todos, que devem ser tomados em caso de acidentes?"
"6.3.4 A escola protege todos os pontos potencialmente perigosos do prédio para garantir a circulação segura das crianças e evitar acidentes? "|"6.3.4 A escola protege todos os pontos potencialmente perigosos do prédio para garantir a circulação segura das crianças e evitar acidentes? "|"6.3.4 A escola protege todos os pontos potencialmente perigosos do prédio para garantir a circulação segura das crianças e evitar acidentes? "|"6.3.4 Esta questão não se refere a este segmento."
"6.4.1 Informações de importância para a saúde humana são amplamente difundidas na comunidade escolar? "|"6.4.1 Informações de importância para a saúde humana são amplamente difundidas na comunidade escolar? "|"6.4.1 Informações de importância para a saúde humana são amplamente difundidas na comunidade escolar? "|"6.4.1 Informações de importância para a saúde humana são amplamente difundidas na comunidade escolar? "
"6.4.2 Os educandos mantêm seu corpo cuidado, limpo e saudável, aprendendo a cuidar de si próprios e a assumir responsabilidades em relação à sua higiene e saúde? "|"6.4.2 Os educandos mantêm seu corpo cuidado, limpo e saudável, aprendendo a cuidar de si próprios e a assumir responsabilidades em relação à sua higiene e saúde? "|"6.4.2 Os educandos mantêm seu corpo cuidado, limpo e saudável, aprendendo a cuidar de si próprios e a assumir responsabilidades em relação à sua higiene e saúde? "|"6.4.2 Os educandos mantêm seu corpo cuidado, limpo e saudável, aprendendo a cuidar de si próprios e a assumir responsabilidades em relação à sua higiene e saúde? "
"6.4.3 Os adultos da escola tratam adequadamente as curiosidades dos educandos em relação ao corpo e à sexualidade humana, não reprimindo as manifestações e interesses sobre tais assuntos? "|"6.4.3 Os adultos da escola tratam adequadamente as curiosidades dos educandos em relação ao corpo e à sexualidade humana, não reprimindo as manifestações e interesses sobre tais assuntos? "|"6.4.3 Os adultos da escola tratam adequadamente as curiosidades dos educandos em relação ao corpo e à sexualidade humana, não reprimindo as manifestações e interesses sobre tais assuntos? "|"6.4.3 Os adultos da escola tratam adequadamente as curiosidades dos educandos em relação ao corpo e à sexualidade humana, não reprimindo as manifestações e interesses sobre tais assuntos? "
"6.4.4 Há material individual de higiene, de qualidade e em quantidade suficiente, guardado em locais adequados (sabonetes, escovas de dente e outros itens)?"|"6.4.4 Esta questão não se refere a este segmento."|"6.4.4 Esta questão não se refere a este segmento."|"6.4.4 Há material individual de higiene, de qualidade e em quantidade suficiente, guardado em locais adequados (sabonetes, escovas de dente e outros itens)? "
"6.4.5 O nível de ruído produzido na escola é amplamente discutido entre adultos e crianças de modo não coercivo, favorecendo o estabelecimento de uma ambiência escolar mais agradável?"|"6.4.5 O nível de ruído produzido na escola é amplamente discutido entre adultos e crianças de modo não coercivo, favorecendo o estabelecimento de uma ambiência escolar mais agradável?"|"6.4.5 O nível de ruído produzido na escola é amplamente discutido entre adultos e crianças de modo não coercivo, favorecendo o estabelecimento de uma ambiência escolar mais agradável?"|"6.4.5 Esta questão não se refere a este segmento."
"6.4.6 Os espaços são limpos e conservados periodicamente de forma a prevenir contaminações?"|"6.4.6 Os espaços são limpos e conservados periodicamente de forma a prevenir contaminações?"|"6.4.6 Os espaços são limpos e conservados periodicamente, de forma a prevenir contaminações?"|"6.4.6 Esta questão não se refere a este segmento."
"6.4.7 A escola incentiva e orienta as crianças a escovarem os dentes após as refeições? "|"6.4.7 A escola incentiva e orienta as crianças a escovarem os dentes após as refeições? "|"6.4.7 A escola incentiva e orienta as crianças a escovarem os dentes após as refeições? "|"6.4.7 A escola incentiva e orienta as crianças a escovarem os dentes após as refeições? "
"6.4.8 A família mantém comunicação com a escola quando seus filhos ou filhas ficam doentes e não podem frequentar a escola? "|"6.4.8 A família mantém comunicação com a escola quando seus filhos ou filhas ficam doentes e não podem frequentar a escola? "|"6.4.8 Esta questão não se refere a este segmento."|"6.4.8 A família mantém comunicação com a escola quando seus filhos ou filhas ficam doentes e não podem frequentar a escola?  "
"6.4.9 A escola comunica os casos de doenças infecciosas às famílias e aos órgãos competentes? "|"6.4.9 A escola comunica os casos de doenças infecciosas às famílias e aos órgãos competentes? "|"6.4.9 A escola comunica os casos de doenças infecciosas às famílias e aos órgãos competentes? "|"6.4.9 A escola comunica os casos de doenças infecciosas às famílias e aos órgãos competentes? "
"6.4.10 Esta questão não se refere a este segmento."|"6.4.10 A escola acompanha o desenvolvimento dos educandos, procurando orientação especializada para o caso de crianças com dificuldades psicoafetivas ou problemas de desenvolvimento? "|"6.4.10 Esta questão não se refere a este segmento."|"6.4.10 A escola acompanha o desenvolvimento dos educandos, procurando orientação especializada para o caso de crianças com dificuldades psicoafetivas ou problemas de desenvolvimento? "
"7.1.1 A escola vem proporcionando uma maior conscientização sobre a importância de cuidar bem do planeta? "|"7.1.1 A escola vem proporcionando ao senhor ou à senhora uma maior conscientização sobre a importância de cuidar bem do planeta? "|"7.1.1 A escola vem proporcionando ao senhor ou à senhora uma maior conscientização sobre a importância de cuidar bem do planeta? "|"7.1.1 A escola vem proporcionando uma maior conscientização sobre a importância de cuidar bem do planeta? "
"7.1.2 A escola costuma debater temas como ecologia, preservação de ecossistemas, mudanças climáticas, desmatamento, contaminação da água, consumo de energia, entre outros temas importantes para a preservação ambiental? "|"7.1.2 A escola costuma debater temas como ecologia, preservação de ecossistemas, mudanças climáticas, desmatamento, contaminação da água, consumo de energia, entre outros temas importantes para a preservação ambiental? "|"7.1.2 A escola costuma debater temas como ecologia, preservação de ecossistemas, mudanças climáticas, desmatamento, contaminação da água, consumo de energia, entre outros temas importantes para a preservação ambiental? "|"7.1.2 A escola costuma debater temas como ecologia, preservação de ecossistemas, mudanças climáticas, desmatamento, contaminação da água, consumo de energia, entre outros temas importantes para a preservação ambiental? "
"7.1.3 A equipe escolar possibilita contato e brincadeiras das crianças com animais e com elementos da natureza como água, areia, terra, pedras, argilas, plantas e sementes?"|"7.1.3 Esta questão não se refere a este segmento."|"7.1.3 A equipe escolar possibilita contato e brincadeiras das crianças com animais e com elementos da natureza como água, areia, terra, pedras, argila, plantas, folhas e sementes? "|"7.1.3 A equipe escolar possibilita contato e brincadeiras das crianças com animais e com elementos da natureza como água, areia, terra, pedras, argilas, plantas e sementes?"
"7.1.4 Olhando para o lugar em que você vive, você considera que existe respeito a todos os elementos que compõem a natureza, tais como a água, o solo, o ar, os organismos vivos e as atividades humanas? "|"7.1.4 Olhando para o lugar em que você vive, você considera que existe respeito a todos os elementos que compõem a natureza, tais como a água, o solo, o ar, os organismos vivos e as atividades humanas? "|"7.1.4 Olhando para o lugar em que você vive, você considera que existe respeito a todos os elementos que compõem a natureza, tais como a água, o solo, o ar, os organismos e as atividades humanas? "|"7.1.4 Olhando para o lugar em que você vive, você considera que existe respeito a todos os elementos que compõem a natureza, tais como a água, o solo, o ar, os organismos vivos e as atividades humanas? "
"7.1.5 Você se considera responsável pela preservação das várias espécies de vida no planeta? "|"7.1.5 Você se considera responsável pela preservação das várias espécies de vida no planeta? "|"7.1.5 Você se considera responsável pela preservação das várias espécies de vida no planeta? "|"7.1.5 Você se considera responsável pela preservação das várias espécies de vida no planeta? "
"7.2.1 A escola reaproveita materiais escolares (papel, lápis de cor etc.), explorando pedagogicamente essa prática com os educandos? "|"7.2.1 A escola reaproveita materiais escolares (papel, lápis de cor etc.), explorando pedagogicamente essa prática com os educandos? "|"7.2.1 A escola reaproveita materiais escolares (papel, lápis de cor etc.), explorando pedagogicamente essa prática com os educandos?"|"7.2.1 A escola reaproveita materiais escolares (papel, lápis de cor etc.), explorando pedagogicamente essa prática com os educandos? "
"7.2.2 A escola evita o uso de materiais descartáveis, preferindo o uso de alternativas que reduzem os impactos no meio ambiente, como canecas de uso permanente, sacolas de pano etc.?"|"7.2.2 Esta questão não se refere a este segmento."|"7.2.2 A escola evita o uso de materiais descartáveis, preferindo o uso de alternativas que reduzem os impactos no meio ambiente, como canecas de uso permanente, sacolas de pano etc.?"|"7.2.2 A escola evita o uso de materiais descartáveis, preferindo o uso de alternativas que reduzem os impactos no meio ambiente, como canecas de uso permanente, sacolas de pano etc.?"
"7.2.3 Esta questão não se refere a este segmento."|"7.2.3 A escola desenvolve programa de coleta seletiva de lixo com ampla participação da comunidade?"|"7.2.3 A escola desenvolve programa de coleta seletiva de lixo com ampla participação da comunidade?"|"7.2.3 A escola desenvolve programa de coleta seletiva de lixo com ampla participação da comunidade?"
"7.2.4 Existem acordos e procedimentos específicos envolvendo a comunidade escolar para se evitar o desperdício de energia elétrica e água na escola, a redução da produção de lixo e programa de coleta seletiva do lixo? "|"7.2.4 Existem acordos e procedimentos específicos envolvendo a comunidade escolar para evitar o desperdício de energia elétrica e água na escola? "|"7.2.4 Existem acordos e procedimentos específicos envolvendo a comunidade escolar  para evitar o desperdício de energia elétrica e água, e para a redução na produção de lixo na escola?"|"7.2.4 Existem acordos e procedimentos específicos envolvendo a comunidade escolar para evitar o desperdício de energia elétrica e água, e para a redução na produção de lixo na escola?"
"7.2.5 Olhando para a sua prática, você se considera uma pessoa que vem cuidando bem do seu meio ambiente?"|"7.2.5 Olhando para a sua prática, você se considera uma pessoa que vem cuidando bem do seu meio ambiente?"|"7.2.5 Olhando para a sua prática, você se considera uma pessoa que vem cuidando bem do seu meio ambiente?"|"7.2.5 Olhando para a sua prática, você se considera uma pessoa que vem cuidando bem do seu meio ambiente?"
"7.2.6 Olhando para a escola, você acha que ela cuida bem do meio ambiente? "|"7.2.6 Olhando para a escola, você acha que ela cuida bem do meio ambiente? "|"7.2.6 Olhando para a escola, você acha que ela cuida bem do meio ambiente?"|"7.2.6 Olhando para a escola, você acha que ela cuida bem do meio ambiente? "
"7.2.7 Existem acordos e procedimentos envolvendo os membros da sua família para evitar o desperdício de energia elétrica e de água em sua casa? "|"7.2.7 Existem acordos e procedimentos envolvendo os membros da sua família para evitar o desperdício de energia elétrica e de água em sua casa? "|"7.2.7 Existem acordos e procedimentos envolvendo os membros da sua família para evitar o desperdício de energia elétrica e de água e para a redução na produção de lixo em sua casa?"|"7.2.7 Existem acordos e procedimentos envolvendo os membros da sua família para evitar o desperdício de energia elétrica e de água e para a redução na produção de lixo em sua casa?"
"7.2.8 Na sua casa, você e sua família costumam separar o lixo orgânico do reciclável? "|"7.2.8 Na sua casa, você e sua família costumam separar o lixo orgânico do reciclável? "|"7.2.8 Na sua casa, você e sua família costumam separar o lixo orgânico do reciclável?"|"7.2.8 Na sua casa, você e sua família costumam separar o lixo orgânico do reciclável? "
"7.2.9 Esta questão não se refere a este segmento."|"7.2.9 A escola desenvolve programa específico para o recolhimento de pilhas e baterias usadas de celular?"|"7.2.9 A escola desenvolve programa específico para o recolhimento de pilhas e baterias usadas de celular?"|"7.2.9 A escola desenvolve programa específico para o recolhimento de pilhas e baterias usadas de celular?"
"8.1.1 Esta questão não se refere a este segmento."|"8.1.1 Reuniões e entrevistas com os familiares são realizadas em horários adequados à participação das famílias?"|"8.1.1 Reuniões e entrevistas com os familiares são realizadas em horários adequados à participação das famílias?"|"8.1.1 Reuniões e entrevistas com os familiares são realizadas em horários adequados à participação das famílias?"
"8.1.2 Esta questão não se refere a este segmento."|"8.1.2 O horário de funcionamento e o calendário da escola atendem às necessidades das famílias?"|"8.1.2 O horário de funcionamento e o calendário da escola atendem às necessidades das famílias?"|"8.1.2 O horário de funcionamento e o calendário da escola atendem às necessidades das famílias?"
"8.1.3 Os professores conhecem os familiares das crianças (seus nomes, onde trabalham, sua religião, onde moram, se as crianças têm irmãos)?"|"8.1.3 Os professores conhecem os familiares das crianças (seus nomes, onde trabalham, sua religião, onde moram, se as crianças têm irmãos)?"|"8.1.3 Esta questão não se refere a este segmento."|"8.1.3 Os professores conhecem os familiares das crianças (seus nomes, onde trabalham, sua religião, onde moram, se as crianças têm irmãos)?"
"8.1.4 Esta questão não se refere a este segmento."|"8.1.4 No período de acolhimento inicial (adaptação das crianças na escola), a escola demonstra atenção e cuidado especial, permitindo a permanência de um responsável do educando nas dependências da escola para eventuais necessidades?"|"8.1.4 No período de acolhimento inicial (adaptação das crianças na escola), a escola demonstra atenção e cuidado especial, permitindo a permanência de um responsável do educando nas dependências da escola para eventuais necessidades?"|"8.1.4 No período de acolhimento inicial (adaptação das crianças na escola), a escola demonstra atenção e cuidado especial, permitindo a permanência de um responsável do educando nas dependências da escola para eventuais necessidades?"
"8.1.5 Os familiares tem acesso à escola sempre que necessário?"|"8.1.5 Os familiares têm acesso à escola sempre que necessário?"|"8.1.5 Os familiares têm acesso à escola sempre que necessário?"|"8.1.5 Os familiares têm acesso à escola sempre que necessário?"
"8.1.6 Os pais, mães e responsáveis são convidados a comparecer e participar ativamente das reuniões sobre a vida escolar dos educandos, de forma a favorecer a construção de acordos entre estes e a escola para um melhor acompanhamento da vida escolar dos educandos? "|"8.1.6 Os pais, mães e responsáveis são convidados a comparecer e participar ativamente das reuniões sobre a vida escolar dos educandos, de forma a favorecer a construção de acordos entre estes e a escola para um melhor acompanhamento da vida escolar dos educandos? "|"8.1.6 Esta questão não se refere a este segmento."|"8.1.6 Esta questão não se refere a este segmento."
"8.1.7 Esta questão não se refere a este segmento."|"8.1.7 A escola dialoga com as famílias de modo a conhecer suas características e demandas e planejar ações escolares e comunitárias que fortaleçam os vínculos e convivência familiar e comunitária dos educandos da escola?"|"8.1.7 A escola dialoga com as famílias de modo a conhecer suas características e demandas e planejar ações escolares e comunitárias que fortaleçam os vínculos e convivência familiar e comunitária dos educandos da escola?"|"8.1.7 A escola dialoga com as famílias de modo a conhecer suas características e demandas e planejar ações escolares e comunitárias que fortaleçam os vínculos e convivência familiar e comunitária dos educandos da escola? "
"8.1.8 Esta questão não se refere a este segmento."|"8.1.8 Os familiares sentem-se bem recebidos, acolhidos e tratados com respeito na Unidade Educacional?"|"8.1.8 Esta questão não se refere a este segmento."|"8.1.8 Esta questão não se refere a este segmento."
"8.1.9 Esta questão não se refere a este segmento."|"8.1.9 Os familiares se sentem à vontade para tirar dúvidas sobre a proposta pedagógica da escola?"|"8.1.9 Esta questão não se refere a este segmento."|"8.1.9 Esta questão não se refere a este segmento."
"8.1.10 Esta questão não se refere a este segmento."|"8.1.10 Os familiares (pais, mães ou outros responsáveis) recebem informações dos educadores sobre os objetivos pedagógicos a serem desenvolvidos ao longo do ano letivo?"|"8.1.10 Esta questão não se refere a este segmento."|"8.1.10 Esta questão não se refere a este segmento."
"8.2.1 Esta questão não se refere a este segmento."|"8.2.1 Há reuniões com familiares pelo menos quatro vezes por ano, para apresentar planejamentos, discutir e avaliar as vivências e produções das crianças?"|"8.2.1 Esta questão não se refere a este segmento."|"8.2.1 Há reuniões com familiares pelo menos quatro vezes por ano, para apresentar planejamentos, discutir e avaliar as vivências e produções das crianças?"
"8.2.2 Esta questão não se refere a este segmento."|"8.2.2 Os familiares recebem relatórios sobre aprendizagens, vivências e produções das crianças, pelo menos duas vezes ao ano?"|"8.2.2 Esta questão não se refere a este segmento."|"8.2.2 Os familiares recebem relatórios sobre aprendizagens, vivências e produções das crianças, pelo menos duas vezes ao ano?"
"8.2.3 Esta questão não se refere a este segmento."|"8.2.3 Os familiares e responsáveis recebem orientações dos professores sobre como aproximar as crianças do mundo da leitura e da escrita durante a convivência familiar?"|"8.2.3 Esta questão não se refere a este segmento."|"8.2.3 Os familiares e responsáveis recebem orientações dos professores sobre como aproximar as crianças do mundo da leitura e da escrita durante a convivência familiar?"
"8.2.4 Esta questão não se refere a este segmento."|"8.2.4 As famílias recebem orientação sobre a importância das brincadeiras para o desenvolvimento das crianças?"|"8.2.4 Esta questão não se refere a este segmento."|"8.2.4 As famílias recebem orientação sobre a importância das brincadeiras para o desenvolvimento das crianças?"
"8.3.1 Esta questão não se refere a este segmento."|"8.3.1 A escola e o Conselho Tutelar da região estão bem articulados para o acompanhamento de casos diversos de não respeito aos direitos fundamentais das crianças e dos adolescentes (frequência irregular na escola, violência física, maus-tratos, assédio moral, entre outros)?"|"8.3.1 A escola e o Conselho Tutelar da região estão bem articulados para o acompanhamento de casos diversos de não respeito aos direitos fundamentais das crianças e dos adolescentes (frequência irregular na escola, violência física, maus-tratos, assédio moral, entre outros)?"|"8.3.1 A escola e o Conselho Tutelar da região estão bem articulados para o acompanhamento de casos diversos de não respeito aos direitos fundamentais das crianças e dos adolescentes (frequência irregular na escola, violência física, maus-tratos, assédio moral, entre outros)?"
"8.3.2 A escola encaminha ao Conselho Tutelar os casos de crianças com sinais de negligência, violência doméstica, exploração sexual e trabalho infantil?"|"8.3.2 A escola encaminha ao Conselho Tutelar os casos de crianças com sinais de negligência, violência doméstica, exploração sexual e trabalho infantil?"|"8.3.2 A escola encaminha ao Conselho Tutelar os casos de crianças com sinais de negligência, violência doméstica, exploração sexual e trabalho infantil?"|"8.3.2 A escola encaminha ao Conselho Tutelar os casos de crianças com sinais de negligência, violência doméstica, exploração sexual e trabalho infantil?"
"8.3.3 O ECA é abordado com as famílias em atividades realizadas na escola? "|"8.3.3 O ECA é abordado com as famílias em atividades realizadas na escola? "|"8.3.3 O ECA é abordado com os funcionários nas atividades realizadas na escola?"|"8.3.3 Esta questão não se refere a este segmento."
"9.1.1 Há espaços em locais visíveis contendo as principais informações relacionadas às atividades da escola (datas comemorativas, prestações de contas, datas de reuniões, agenda escolar do ano letivo etc.)?"|"9.1.1 Há espaços em locais visíveis contendo as principais informações relacionadas às atividades da escola (datas comemorativas, prestações de contas, datas de reuniões, agenda escolar do ano letivo etc.)?"|"9.1.1 Há espaços em locais visíveis contendo as principais informações relacionadas às atividades da escola (datas comemorativas, prestações de contas, datas de reuniões, agenda escolar do ano letivo etc.)?"|"9.1.1 Há espaços em locais visíveis contendo as principais informações relacionadas às atividades da escola (datas comemorativas, prestações de contas, datas de reuniões, agenda escolar do ano letivo etc.)?"
"9.1.2 Esta questão não se refere a este segmento."|"9.1.2 A direção presta contas e divulga amplamente à comunidade escolar (CGC/APM), apresentando regularmente o orçamento da escola e seus gastos?"|"9.1.2 A direção presta contas e divulga amplamente à comunidade escolar (CGC/APM), apresentando regularmente o orçamento da escola e seus gastos?"|"9.1.2 A direção presta contas e divulga amplamente à comunidade escolar (CGC/APM), apresentando regularmente o orçamento da escola e seus gastos?"
"9.1.3 Esta questão não se refere a este segmento."|"9.1.3 Os profissionais da escola (gestores, professores, funcionários etc.) procuram resolver os conflitos que surgem entre as pessoas no ambiente escolar (brigas, discussões) com base no diálogo e na negociação?"|"9.1.3 Os profissionais da escola (gestores, professores, funcionários etc.) procuram resolver os conflitos que surgem entre as pessoas no ambiente escolar (brigas, discussões) com base no diálogo e na negociação?"|"9.1.3 Esta questão não se refere a este segmento."
"9.2.1 Você sabe o que faz o Conselho de Gestão Compartilhada (CGC) da escola?"|"9.2.1 O senhor ou a senhora sabe o que faz o Conselho de Gestão Compartilhada (CGC) da escola?"|"9.2.1 Você sabe o que faz o Conselho de Gestão Compartilhada (CGC) da escola?"|"9.2.1 Você sabe o que faz o Conselho de Gestão Compartilhada (CGC) da escola?"
"9.2.2 Esta questão não se refere a este segmento."|"9.2.2 Você conhece seus representantes no CGC?"|"9.2.2 Você conhece seus representantes no CGC?"|"9.2.2 Você conhece seus representantes no CGC?"
"9.2.3 Esta questão não se refere a este segmento."|"9.2.3 Seu segmento tem participação efetiva no CGC?"|"9.2.3 Seu segmento tem participação efetiva no CGC?"|"9.2.3 Seu segmento tem participação efetiva no CGC?"
"9.2.4 As informações deliberadas no CGC são socializadas com a comunidade escolar?"|"9.2.4 As informações deliberadas no CGC são socializadas com a comunidade escolar?"|"9.2.4 As informações deliberadas no CGC são socializadas com a comunidade escolar?"|"9.2.4 As informações deliberadas no CGC são socializadas com a comunidade escolar?"
"9.3.1 Esta questão não se refere a este segmento."|"9.3.1 Existe uma parceria da escola com o serviço público local?"|"9.3.1 Esta questão não se refere a este segmento."|"9.3.1 Existe uma parceria da escola com o serviço público local?"
"9.3.2 Esta questão não se refere a este segmento."|"9.3.2 Esta questão não se refere a este segmento."|"9.3.2 Esta questão não se refere a este segmento."|"9.3.2 A escola tem parcerias com outras instituições da sociedade (universidades, organizações da sociedade civil, empresas, fundações, associações e demais serviços públicos) para o financiamento de projetos ou para o desenvolvimento de ações conjuntas, como elaboração do PEPP, formação de professores, atividades pedagógicas, comemorações? "
"9.4.1 Esta questão não se refere a este segmento."|"9.4.1 Esta questão não se refere a este segmento."|"9.4.1 Há grupos estudantis ou outros grupos juvenis participando da tomada de decisões na escola e ajudando os educandos a se organizarem? "|"9.4.1 Há grupos estudantis ou outros grupos juvenis participando da tomada de decisões na escola e ajudando os educandos a se organizarem? "
"9.4.2 Nas reuniões do conselho de classe, a escola incentiva a participação dos educandos? "|"9.4.2 Nas reuniões do conselho de classe, a escola incentiva a participação dos educandos? "|"9.4.2 Esta questão não se refere a este segmento."|"9.4.2 Nas reuniões do conselho de classe, a escola incentiva a participação dos educandos? "
"9.4.3 A escola se mantém aberta aos finais de semana para que a comunidade possa usufruir o espaço (salas, pátio, quadras de esporte, biblioteca etc.)?"|"9.4.3 A escola se mantém aberta aos finais de semana para que a comunidade possa usufruir o espaço (salas, pátio, quadras de esporte, biblioteca etc.)?"|"9.4.3 A escola se mantém aberta aos finais de semana para que a comunidade possa usufruir o espaço (salas, pátio, quadras de esporte, biblioteca etc.)?"|"9.4.3 A escola se mantém aberta aos finais de semana para que a comunidade possa usufruir o espaço (salas, pátio, quadras de esporte, biblioteca etc.)?"
"9.4.4 Esta questão não se refere a este segmento."|"9.4.4 Existem espaços e tempos em que todos (educandos, diretor, professores, funcionários, pais, responsáveis e outras pessoas da comunidade) possam discutir e negociar encaminhamentos relativos ao andamento da escola? "|"9.4.4 Existem espaços e tempos em que todos (educandos, diretor, professores, funcionários, pais, responsáveis e outras pessoas da comunidade) possam discutir e negociar encaminhamentos relativos ao andamento da escola? "|"9.4.4 Esta questão não se refere a este segmento."
"10.1.1 Este questão não se refere a este segmento."|"10.1.1 Esta questão não se refere a este segmento."|"10.1.1 A escola ou a Secretaria de Educação oferecem permanentemente cursos ou ações de formação para os professores e demais funcionários da escola?"|"10.1.1 A escola ou a Secretaria de Educação oferecem permanentemente cursos ou ações de formação para os professores e demais funcionários da escola?"
"10.1.2 Este questão não se refere a este segmento."|"10.1.2 Esta questão não se refere a este segmento."|"10.1.2 O tempo estabelecido para os Horários de Trabalho Pedagógico (HTPs) semanais é suficiente para atender às demandas de formação da equipe escolar?"|"10.1.2 O tempo estabelecido para os HTPs semanais é suficiente para atender as demandas de formação da equipe escolar?"
"10.1.3 Este questão não se refere a este segmento."|"10.1.3 Esta questão não se refere a este segmento."|"10.1.3 Professores e demais funcionários da escola participam de formações específicas que os auxiliam a trabalhar com educandos com deficiência e com TIDs?"|"10.1.3 Professores e demais funcionários da escola participam de formações específicas que os auxiliam a trabalhar com educandos com deficiência e com TIDs?"
"10.1.4 Este questão não se refere a este segmento."|"10.1.4 Esta questão não se refere a este segmento."|"10.1.4 As formações e cursos são incluídos no horário de trabalho dos profissionais? "|"10.1.4 As formações e cursos são incluídos no horário de trabalho dos profissionais? "
"10.1.5 Este questão não se refere a este segmento."|"10.1.5 Esta questão não se refere a este segmento."|"10.1.5 Os profissionais que trabalham na escola têm habilitação necessária para o exercício de sua função? "|"10.1.5 Os profissionais que trabalham na escola têm habilitação necessária para o exercício de sua função? "
"10.2.1 Este questão não se refere a este segmento."|"10.2.1 A escola dispõe da quantidade de professores de que necessita?"|"10.2.1 A escola dispõe da quantidade de professores de que necessita? "|"10.2.1 A escola dispõe da quantidade de professores de que necessita? "
"10.2.2 Este questão não se refere a este segmento."|"10.2.2 O número de funcionários é suficiente para o bom funcionamento da escola?"|"10.2.2 O número de funcionários é suficiente para o funcionamento adequado da escola? "|"10.2.2 O número de funcionários é suficiente para o funcionamento adequado da escola? "
"10.2.3 Este questão não se refere a este segmento."|"10.2.3 A remoção e a transferência funcional têm prejudicado um melhor desempenho da equipe escolar? "|"10.2.3 A remoção e a transferência funcional têm prejudicado um melhor desempenho da equipe escolar? "|"10.2.3 A remoção e a transferência funcional têm prejudicado um melhor desempenho da equipe escolar? "
"10.2.4 Este questão não se refere a este segmento."|"10.2.4 A equipe escolar procura desenvolver relações cooperativas de trabalho?"|"10.2.4 A equipe escolar procura desenvolver relações cooperativas de trabalho?"|"10.2.4 A equipe escolar procura desenvolver relações cooperativas de trabalho?"
"10.3.1 Quando há o registro de faltas excessivas de gestores, professores e funcionários de apoio na escola, prejudicando o atendimento dos educandos, esse assunto é discutido coletivamente pelo CGC e por toda a comunidade escolar?"|"10.3.1 Quando há o registro de faltas excessivas de gestores, professores e funcionários de apoio na escola, prejudicando o atendimento dos educandos, esse assunto é discutido coletivamente pelo CGC e por toda a comunidade escolar?"|"10.3.1 Quando há o registro de faltas excessivas de gestores, professores e funcionários de apoio na escola, prejudicando o atendimento dos educandos, esse assunto é discutido coletivamente pelo CGC e por toda a comunidade escolar?"|"10.3.1 Quando há o registro de faltas excessivas de gestores, professores e funcionários de apoio na escola, prejudicando o atendimento dos educandos, esse assunto é discutido coletivamente pelo CGC e por toda a comunidade escolar?"
"10.3.2 Esta questão não se refere a este segmento."|"10.3.2 As faltas funcionais, abonadas ou não, são planejadas de modo a não prejudicar a rotina escolar?"|"10.3.2 As faltas funcionais, abonadas ou não, são planejadas de modo a não prejudicar a rotina escolar?"|"10.3.2 As faltas funcionais, abonadas ou não, são planejadas de modo a não prejudicar a rotina escolar?"
"10.3.3 Esta questão não se refere a este segmento."|"10.3.3 Esta questão não se refere a este segmento."|"10.3.3 Esta questão não se refere a este segmento."|"10.3.3 Os professores são assíduos nas reuniões pedagógicas e HTPs?"
"11.1.1 Esta questão não se refere a este segmento."|"11.1.1 Esta questão não se refere a este segmento."|"11.1.1 Esta questão não se refere a este segmento."|"11.1.1 Os professores responsáveis pela alfabetização inicial elaboram e realizam seus planos de aula considerando as orientações da proposta pedagógica (por exemplo: recorrem às orientações da proposta pedagógica para alfabetização inicial nos momentos de avaliação e reuniões pedagógicas referentes a esse assunto; cuidam para que os planos de aula e outros projetos de alfabetização inicial sejam elaborados considerando as orientações da proposta pedagógica; revisa as orientações periodicamente, entre outros)?"
"11.1.2 Esta questão não se refere a este segmento."|"11.1.2 Esta questão não se refere a este segmento."|"11.1.2 Esta questão não se refere a este segmento."|"11.1.2 Professores e demais profissionais responsáveis pela alfabetização têm oportunidade de discutir o trabalho que estão realizando e atualizar seus conhecimentos sobre alfabetização? "
"11.2.1 Esta questão não se refere a este segmento."|"11.2.1 Esta questão não se refere a este segmento."|"11.2.1 Esta questão não se refere a este segmento."|"11.2.1 Os educandos leem/usam diariamente diferentes materiais disponibilizados em sala de aula (por exemplo: livros diversificados de prosa e poesia, com e sem palavras; revistas; dicionários; gibis, suplementos infantis de jornais; letras móveis; jogos com letras e palavras; produções das próprias crianças com desenhos e escritas; dicionários; entre outros)? "
"11.2.2 Esta questão não se refere a este segmento."|"11.2.2 Esta questão não se refere a este segmento."|"11.2.2 Esta questão não se refere a este segmento."|"11.2.2 As crianças participam diariamente de atividades planejadas para a aprendizagem progressiva do funcionamento da escrita (por exemplo: exercícios para analisar os sons da fala; reconhecimento das letras e palavras; exercícios de análise e comparação de palavras; ditado com análise posterior do educando e do professor sobre o que foi escrito; escrita individual; escrita em grupo; cópia com análise posterior do educando e do professor sobre o que foi escrito; escrita que se lê em voz alta por educandos e professores; análise e correção da própria escrita; escritas de músicas cantadas na sala de aula; jogos com palavras; atividades com receitas, embalagens, jornais, revistas, cartas, cartazes, convites, etiquetas, listas, anúncios, instruções de jogos, textos expositivos, textos literários, calendário, regras da escola, entre outros)? "
"11.2.3 Os professores leem histórias para as crianças pelo menos uma vez por dia (por exemplo: comentam as histórias lidas; escrevem as histórias lidas; recontam as histórias lidas; inventam novas histórias a partir das histórias lidas; fazem relações com outros textos conhecidos; entre outros)?"|"11.2.3 Os professores leem histórias para as crianças pelo menos uma vez por dia (por exemplo: comentam as histórias lidas; escrevem as histórias lidas; recontam as histórias lidas; inventam novas histórias a partir das histórias lidas; fazem relações com outros textos conhecidos; entre outros)? "|"11.2.3 Esta questão não se refere a este segmento."|"11.2.3 Os professores leem histórias para as crianças pelo menos uma vez por dia (por exemplo: comentam as histórias lidas; escrevem as histórias lidas; recontam as histórias lidas; inventam novas histórias a partir das histórias lidas; fazem relações com outros textos conhecidos; entre outros)?"
"11.2.4 Esta questão não se refere a este segmento."|"11.2.4 Esta questão não se refere a este segmento."|"11.2.4 Esta questão não se refere a este segmento."|"11.2.4 Os professores utilizam estratégias planejadas para ajudar os educandos na compreensão e na interpretação dos textos lidos (por exemplo: usam diferentes tipos de gêneros de texto nas atividades; conhecem com antecedência o conteúdo dos textos que os educandos irão ler; geram expectativa em relação ao texto que os educandos irão ler; fazem perguntas que levem a suposições sobre a história; fazem comentários e perguntas sobre aquilo que os educandos leram e promovem o diálogo sobre o texto; asseguram que os educandos desenvolvam a atitude de ouvir a interpretação dos colegas; entre outros)? "
"11.2.5 As atividades propostas em sala de aula provocam nas crianças a necessidade de escrever?"|"11.2.5 As atividades propostas em sala de aula provocam nas crianças a necessidade de escrever?"|"11.2.5 As atividades propostas em sala de aula provocam nas crianças a necessidade de escrever?"|"11.2.5 As atividades propostas em sala de aula provocam nas crianças a necessidade de escrever?"
"11.2.6 Pelo menos semanalmente, os educandos participam de projetos ou atividades nas quais podem conhecer e exercitar os diferentes usos da leitura e da escrita no dia a dia (por exemplo: atividades com receitas, embalagens, jornais, revistas, cartas, cartazes, convites, etiquetas, listas, anúncios, instruções de jogos, textos expositivos, textos literários, calendário, regras da escola, entre outros)? "|"11.2.6 Pelo menos semanalmente, os educandos participam de projetos ou atividades nas quais podem conhecer e exercitar os diferentes usos da leitura e da escrita no dia a dia (por exemplo: atividades com receitas, embalagens, jornais, revistas, cartas, cartazes, convites, etiquetas, listas, anúncios, instruções de jogos, textos expositivos, textos literários, calendário, regras da escola, entre outros)? "|"11.2.6 Esta questão não se refere a este segmento."|"11.2.6 Pelo menos semanalmente, os educandos participam de projetos ou atividades nos quais podem conhecer e exercitar os diferentes usos da leitura e da escrita no dia a dia (por exemplo: atividades com receitas, embalagens, jornais, revistas, cartas, cartazes, convites, etiquetas, listas, anúncios, instruções de jogos, textos expositivos, textos literários, calendário, regras da escola, entre outros)? "
"11.2.7 Os professores valorizam os textos elaborados pelos educandos (por exemplo: valorizam igualmente o trabalho de todos os educandos, mostrando o trabalho de cada um para a turma; fazem exposições dos trabalhos em murais e varais fora e dentro da sala de aula; incentivam os educandos a apreciar o resultado de seus trabalhos após os comentários gerais; fazem comentários positivos em relação à produção de todos; promovem feiras na escola para a exposição e a divulgação das produções dos educandos, entre outros)? "|"11.2.7 Os professores valorizam os textos elaborados pelos educandos (por exemplo: valorizam igualmente o trabalho de todos os educandos, mostrando o trabalho de cada um para a turma; fazem exposições dos trabalhos em murais e varais fora e dentro da sala de aula; incentivam os educandos a apreciar o resultado de seus trabalhos após os comentários gerais; fazem comentários positivos em relação à produção de todos; promovem feiras na escola para a exposição e a divulgação das produções dos educandos; entre outros)? "|"11.2.7 A escola valoriza os textos elaborados pelos educandos (por exemplo: valorizam igualmente o trabalho de todos os educandos, mostrando o trabalho de cada um para a turma; fazem exposições dos trabalhos em murais e varais fora e dentro da sala de aula; incentivam os educandos a apreciar o resultado de seus trabalhos após os comentários gerais; fazem comentários positivos em relação à produção de todos; promovem feiras na escola para a exposição e a divulgação das produções dos educandos; entre outros)? "|"11.2.7 A escola valoriza os textos elaborados pelos educandos (por exemplo: valorizam igualmente o trabalho de todos os educandos, mostrando o trabalho de cada um para a turma; fazem exposições dos trabalhos em murais e varais fora e dentro da sala de aula; incentivam os educandos a apreciar o resultado de seus trabalhos após os comentários gerais; fazem comentários positivos em relação à produção de todos; promovem feiras na escola para a exposição e a divulgação das produções dos educandos; entre outros)? "
"11.3.1 Esta questão não se refere a este segmento."|"11.3.1 Esta questão não se refere a este segmento."|"11.3.1 Esta questão não se refere a este segmento."|"11.3.1 Nas reuniões pedagógicas são definidas as ações a serem realizadas na sala de aula e na escola para melhorar a aprendizagem, incluindo a das crianças com dificuldade de alfabetização? "
"11.4.1 Os educandos leem pelo menos um livro por mês, por indicação dos professores, para ser usado em atividades relacionadas às matérias escolares? "|"11.4.1 Os educandos leem pelo menos um livro por mês, para ser usado em atividades relacionadas às matérias escolares? "|"11.4.1 Esta questão não se refere a este segmento."|"11.4.1 Os educandos leem pelo menos um livro por mês, por indicação dos professores, para ser usado em atividades relacionadas às matérias escolares? "
"11.4.2 Esta questão não se refere a este segmento."|"11.4.2 Esta questão não se refere a este segmento."|"11.4.2 Esta questão não se refere a este segmento."|"11.4.2 Os professores de todas as disciplinas realizam, pelo menos uma vez por mês, atividades que envolvam o planejamento, a produção e a revisão de texto pelos educandos? "
"11.4.3 Esta questão não se refere a este segmento."|"11.4.3 Esta questão não se refere a este segmento."|"11.4.3 Esta questão não se refere a este segmento."|"11.4.3 Pelo menos uma vez por semana, os educandos participam de projetos ou atividades em que possam conhecer diferentes tipos de texto e as linguagens utilizadas em diversas situações sociais (por exemplo: troca de correspondências; elaboração de convites e avisos; desenvolvimento de campanhas de interesse público – cartazes e/ou folhetos sobre reciclagem de lixo, alcoolismo, prevenção de doenças –; elaboração de jornal escolar; produção de programas de rádios ou tevê; saraus literários; elaboração de livro/revista; leitura de textos teatrais; montagem de álbuns musicais; realização de pesquisas bibliográficas; realização de entrevistas; debate político; abaixo-assinados; cartas com reivindicações a autoridades; apresentação de trabalhos ou seminários; entre outros)? "
"11.4.4 Esta questão não se refere a este segmento."|"11.4.4 Os familiares (pais ou outros responsáveis) recebem orientações dos professores sobre como incentivar as crianças a ler e escrever? "|"11.4.4 Esta questão não se refere a este segmento."|"11.4.4 Os familiares (pais ou outros responsáveis) recebem orientações dos professores sobre como incentivar as crianças a ler e escrever? "
"11.5.1 Esta questão não se refere a este segmento."|"11.5.1 Esta questão não se refere a este segmento."|"11.5.1 Esta questão não se refere a este segmento."|"11.5.1 A escola disponibiliza aos educandos e professores todos os livros recebidos pelo Programa Nacional de Biblioteca na Escola (PNBE)?"
"11.5.2 A biblioteca ou sala de leitura tem um profissional capacitado para promover um bom uso do espaço e atender o público em todos os turnos?"|"11.5.2 A biblioteca ou sala de leitura tem um profissional capacitado para promover um bom uso do espaço e atender o público em todos os turnos?"|"11.5.2 A biblioteca ou sala de leitura tem um profissional capacitado para promover um bom uso do espaço e atender o público em todos os turnos?"|"11.5.2 A biblioteca ou sala de leitura tem um profissional capacitado para promover um bom uso do espaço e atender o público em todos os turnos?"
"11.5.3 Os educandos fazem uso da biblioteca ou sala de leitura, em horário letivo, pelo menos uma vez por semana, fazendo pesquisas e leituras?"|"11.5.3 Os educandos fazem uso da biblioteca ou sala de leitura, em horário letivo, pelo menos uma vez por semana, fazendo pesquisas e leituras?"|"11.5.3 Os educandos fazem uso da biblioteca ou sala de leitura, em horário letivo, pelo menos uma vez por semana, fazendo pesquisas e leituras? "|"11.5.3 Os educandos fazem uso da biblioteca ou sala de leitura, em horário letivo, pelo menos uma vez por semana, realizando pesquisas e leituras?"
"11.5.4 A comunidade escolar faz empréstimos de livros do acervo da escola (para ler em sala ou em casa)?"|"11.5.4 A comunidade escolar faz empréstimos de livros do acervo da escola (para ler em sala ou em casa)?"|"11.5.4 A comunidade escolar faz empréstimos de livros do acervo da escola (para ler em sala ou em casa)?"|"11.5.4 A comunidade escolar faz empréstimos de livros do acervo da escola (para ler em sala ou em casa)?"
"11.5.5 Os educandos usam computadores e internet para aprimorar a leitura e a escrita, pelo menos uma vez por semana, durante o horário das aulas?"|"11.5.5 Os educandos usam computadores e internet para aprimorar a leitura e a escrita, pelo menos uma vez por semana, durante o horário das aulas?"|"11.5.5 Os educandos usam computadores e internet para aprimorar a leitura e a escrita, pelo menos uma vez por semana, durante o horário das aulas?"|"11.5.5 Os educandos usam computadores e internet para aprimorar a leitura e a escrita, pelo menos uma vez por semana, durante o horário das aulas?"
