"1.1.1 Quando alguém (professor, funcionário, educando, familiar) chega à escola com algum problema pessoal, encontra pessoas dispostas a ajudar?"|"1.1.1 Quando alguém (professor, funcionário, educando, familiar) chega à escola com algum problema pessoal, encontra pessoas dispostas a ajudar?"|"1.1.1 Quando alguém (professor, funcionário, educando, familiar) chega à escola com algum problema pessoal, encontra pessoas dispostas a ajudar?"
"1.1.2 O ambiente da escola favorece a amizade entre todos? "|"1.1.2 O ambiente da escola favorece a amizade entre todos? "|"1.1.2 O ambiente da escola favorece a amizade entre todos?"
"1.2.1 O senhor ou a senhora percebe os professores e funcionários da escola felizes com o trabalho que ali desenvolvem? "|"1.2.1 Os professores e funcionários da escola demonstram satisfação e felicidade com o trabalho que desenvolvem na escola? "|"1.2.1 Professores e funcionários da escola demonstram satisfação com o trabalho que desenvolvem na escola? "
"1.2.2 A escola promove festas com a participação efetiva de pais, educandos, professores e funcionários? "|"1.2.2 A escola promove festas e eventos com a participação efetiva de pais, educandos, professores e funcionários? "|"1.2.2 A escola promove festas e eventos com a participação efetiva de pais, educandos, professores e funcionários? "
"1.2.3 Os seus filhos gostam de frequentar a escola? "|"1.2.3 Esta questão não se refere a este segmento."|"1.2.3 Esta questão não se refere a este segmento."
"1.3.1 A discriminação é assunto abordado na Unidade Educacional como algo que prejudica as relações entre as pessoas e que se trata de crime (atos preconceituosos contra pessoas com deficiência, povos indígenas, povos do campo, mulheres, negros, homossexuais e outros)? "|"1.3.1 A discriminação é assunto abordado na Unidade Educacional como algo que prejudica as relações entre as pessoas e que se trata de crime (atos preconceituosos contra pessoas com deficiência, povos indígenas, povos do campo, mulheres, negros, homossexuais e outros)? "|"1.3.1 A discriminação é assunto abordado na Unidade Educacional como algo que prejudica as relações entre as pessoas e que se trata de crime (atos preconceituosos contra pessoas com deficiência, povos indígenas, povos do campo, mulheres, negros, homossexuais e outros)? "
"1.3.2 A escola acolhe crianças com deficiência nas mesmas atividades propostas aos educandos sem deficiência? "|"1.3.2 A escola acolhe crianças com deficiência nas mesmas atividades propostas aos educandos sem deficiência? "|"1.3.2 A escola acolhe crianças com deficiência nas mesmas atividades propostas aos educandos sem deficiência? "
"1.3.3 Você considera a Unidade Educacional como inclusiva?"|"1.3.3 Você considera a Unidade Educacional como inclusiva?"|"1.3.3 Você considera a Unidade Educacional como inclusiva?"
"1.4.1 Esta questão não se refere a este segmento."|"1.4.1 Há reflexão coletiva e participação de todos os segmentos envolvidos nos encaminhamentos em relação ao não cumprimento de regras e combinados?"|"1.4.1 Há reflexão coletiva e participação de todos os segmentos envolvidos nos encaminhamentos em relação ao não cumprimento de regras e combinados?"
"1.4.2 A cada ano letivo, há movimentos coletivos de elaboração e atualização dos princípios e regras de convivência escolar? "|"1.4.2 A cada ano letivo, há movimentos coletivos de elaboração e atualização dos princípios e regras de convivência escolar? "|"1.4.2 A cada ano letivo, há movimentos coletivos de elaboração e atualização dos princípios e regras de convivência escolar? "
"1.4.3 O Projeto Eco-Político-Pedagógico (PEPP), o Plano de Trabalho Anual (PTA), o regimento escolar e os princípios de convivência existentes estão sendo úteis para os momentos de resolução dos conflitos cotidianos vivenciados na escola?"|"1.4.3 O Projeto Eco-Político-Pedagógico (PEPP), o Plano de Trabalho Anual (PTA), o regimento escolar e os princípios de convivência existentes estão sendo úteis para os momentos de resolução dos conflitos cotidianos vivenciados na escola?"|"1.4.3 O Projeto Eco-Político-Pedagógico (PEPP), o Plano de Trabalho Anual (PTA), o regimento escolar e os princípios de convivência existentes estão sendo úteis para os momentos de resolução dos conflitos cotidianos vivenciados na escola?"
"1.5.1 Diretor, professores e funcionários se tratam bem e se respeitam?  "|"1.5.1 Diretor, professores e funcionários se tratam bem e se respeitam?  "|"1.5.1 Diretor, professores e funcionários se tratam bem e se respeitam?"
"1.5.2 Esta questão não se refere a este segmento."|"1.5.2 As pessoas que trabalham na escola (professores, funcionários e diretor) se sentem respeitadas e valorizadas por pais e educandos? "|"1.5.2 As pessoas que trabalham na escola (professores, funcionários e diretor) se sentem respeitadas e valorizadas por pais e educandos? "
"1.5.3 Pais, responsáveis e educandos são atendidos cordialmente na Unidade Educacional?"|"1.5.3 Esta questão não se refere a este segmento."|"1.5.3 Pais, responsáveis e educandos são atendidos cordialmente na Unidade Educacional? "
"1.5.4 A equipe escolar é respeitosa e afetuosa com os educandos?"|"1.5.4 A equipe escolar é respeitosa e afetuosa com os educandos?"|"1.5.4 A equipe escolar é respeitosa e afetuosa com os educandos?"
"1.6.1 A comunidade escolar conhece o Estatuto da Criança e do Adolescente (ECA) e respeita os direitos nele estabelecidos? "|"1.6.1 A comunidade escolar conhece o Estatuto da Criança e do Adolescente (ECA) e respeitam os direitos nele estabelecidos? "|"1.6.1 A comunidade escolar conhece o Estatuto da Criança e do Adolescente (ECA) e respeita os direitos nele estabelecidos? "
"1.6.2 O ECA é abordado na Unidade Educacional? "|"1.6.2 O ECA é abordado na Unidade Educacional?"|"1.6.2 O ECA é abordado na Unidade Educacional?"
"1.7.1 Quando há conflitos entre as crianças ou situações em que uma criança faz uso de apelidos ou brincadeiras que humilham outra criança, os professores e demais profissionais intervêm prontamente?"|"1.7.1 Quando há conflitos entre as crianças ou situações em que uma criança faz uso de apelidos ou brincadeiras que humilham outra criança, os professores e demais profissionais intervêm prontamente?"|"1.7.1 Quando há conflitos entre as crianças ou situações em que uma criança faz uso de apelidos ou brincadeiras que humilham outra criança, os professores e demais profissionais intervêm prontamente?"
"1.7.2 A escola combate e intervém imediatamente quando ocorrem práticas dos adultos que desrespeitam a integridade das crianças (castigos, beliscões, tapas, práticas de colocá-las no cantinho para “pensar”, gritos, comentários que humilham as crianças, xingamentos ou manifestações de raiva devido a cocô e xixi, entre outros)? "|"1.7.2 A escola combate e intervém imediatamente quando ocorrem práticas dos adultos que desrespeitam a integridade das crianças (castigos, beliscões, tapas, práticas de colocá-las no cantinho para “pensar”, gritos, comentários que humilham as crianças, xingamentos ou manifestações de raiva devido a cocô e xixi, entre outros)? "|"1.7.2 A escola combate e intervém imediatamente quando ocorrem práticas dos adultos que desrespeitam a integridade das crianças (castigos, beliscões, tapas, práticas de colocá-las no cantinho para “pensar”, gritos, comentários que humilham as crianças, xingamentos ou manifestações de raiva devido a cocô e xixi, entre outros)?"
"1.8.1 Os professores e demais profissionais chamam as crianças pelo nome? "|"1.8.1 Os professores e demais profissionais chamam as crianças pelo nome? "|"1.8.1 Os professores e demais profissionais chamam as crianças pelo nome? "
"1.8.2 A escola observa e atende aos interesses e necessidades das crianças que são recém-chegadas, estão mudando de grupo ou se desligando da escola? "|"1.8.2 A escola observa e atende aos interesses e necessidades das crianças que são recém-chegadas, estão mudando de grupo ou se desligando da escola? "|"1.8.2 A escola observa e atende aos interesses e necessidades das crianças que são recém-chegadas, estão mudando de grupo ou se desligando da escola? "
"1.8.3 Os professores ajudam as crianças a manifestar os seus sentimentos (alegria, tristeza, raiva, ciúme, decepção etc.) e a perceber os sentimentos dos colegas e dos adultos? "|"1.8.3 Os professores ajudam as crianças a manifestar os seus sentimentos (alegria, tristeza, raiva, ciúme, decepção etc.) e a perceber os sentimentos dos colegas e dos adultos? "|"1.8.3 Os professores ajudam as crianças a manifestar os seus sentimentos (alegria, tristeza, raiva, ciúme, decepção etc.) e a perceber os sentimentos dos colegas e dos adultos? "
"1.8.4 Os professores e demais profissionais carregam os bebês e crianças pequenas no colo ao longo do dia, propiciando interação, acolhimento e afetividade? Esta questão se refere somente à Creche."|"1.8.4 Os professores e demais profissionais carregam os bebês e crianças pequenas no colo ao longo do dia, propiciando interação, acolhimento e afetividade? Esta questão se refere somente à Creche."|"1.8.4 Os professores e demais profissionais carregam os bebês e crianças pequenas no colo ao longo do dia, propiciando interação, acolhimento e afetividade? Esta questão se refere somente à Creche. "
"1.9.1 Os professores e demais profissionais acolhem as propostas, invenções e descobertas das crianças, incorporando-as como parte das atividades?"|"1.9.1 Os professores e demais profissionais acolhem as propostas, invenções e descobertas das crianças, incorporando-as como parte das atividades?"|"1.9.1 Os professores e demais profissionais acolhem as propostas, invenções e descobertas das crianças incorporando-as como parte das atividades?"
"1.9.2 Os professores reconhecem e elogiam as crianças diante de suas conquistas? "|"1.9.2 Os professores reconhecem e elogiam as crianças diante de suas conquistas? "|"1.9.2 Os professores reconhecem e elogiam as crianças diante de suas conquistas? "
"1.9.3 As produções das crianças estão expostas nas salas de atividades e ambientes da escola? "|"1.9.3 As produções das crianças estão expostas nas salas de atividades e ambientes da escola? "|"1.9.3 As produções das crianças estão expostas nas salas de atividades e ambientes da escola? "
"1.10.1 Esta questão não se refere a este segmento."|"1.10.1 Os professores organizam, diariamente, espaços, brincadeiras e materiais que promovem oportunidades de interação entre crianças da mesma e de diferentes faixas etárias e com deficiência?"|"1.10.1 Os professores organizam, diariamente, espaços, brincadeiras e materiais que promovem oportunidades de interação entre crianças da mesma e de diferentes faixas etárias e com deficiência?"
"1.10.2 Esta questão não se refere a este segmento."|"1.10.2 Os professores organizam espaços, brincadeiras e materiais acessíveis de modo a favorecer a interação entre as crianças com deficiência e as demais crianças?"|"1.10.2 Os professores organizam espaços, brincadeiras e materiais acessíveis de modo a favorecer a interação entre as crianças com deficiência e as demais crianças?"
"1.11.1 Esta questão não se refere a este segmento."|"1.11.1 Os professores organizam as atividades de modo que as crianças não sejam forçadas a longos períodos de espera para o início das atividades?"|"1.11.1 Os professores organizam as atividades de modo que as crianças não sejam forçadas a longos períodos de espera para o início das atividades?"
"1.11.2 As crianças podem dormir ou repousar quando necessitam, sem serem forçadas a isso? Esta questão se refere somente à Creche."|"1.11.2 As crianças podem dormir ou repousar quando necessitam, sem serem forçadas a isso? Esta questão se refere somente à Creche."|"1.11.2 As crianças podem dormir ou repousar quando necessitam, sem serem forçadas a isso? Esta questão se refere somente à Creche."
"1.11.3 As crianças podem ir ao banheiro ou beber água quando necessitam, sem serem forçadas a isso? "|"1.11.3 As crianças podem ir ao banheiro ou beber água quando necessitam, sem serem forçadas a isso? "|"1.11.3 As crianças podem ir ao banheiro ou beber água quando necessitam, sem serem forçadas a isso? "
"1.11.4 Esta questão não se refere a este segmento."|"1.11.4 Ao longo do dia, os professores realizam atividades com as crianças em diferentes lugares e ambientes?"|"1.11.4 Ao longo do dia, os professores realizam atividades com as crianças em diferentes lugares e ambientes? "
"2.1.1 O espaço físico escolar é acessível para todas as pessoas transitarem com autonomia no seu interior?"|"2.1.1 O espaço físico escolar é acessível para todas as pessoas transitarem com autonomia no seu interior?"|"2.1.1 O espaço físico escolar é acessível para todas as pessoas transitarem com autonomia no seu interior?"
"2.1.2 As salas de aula permitem a reorganização do mobiliário de acordo com as atividades diversificadas nela desenvolvidas, tais como: roda de conversas, trabalho em grupo, entre outros?"|"2.1.2 As salas de aula permitem a reorganização do mobiliário de acordo com as atividades diversificadas nela desenvolvidas, tais como: roda de conversas, trabalho em grupo, entre outros?"|"2.1.2 As salas de aula permitem a reorganização do mobiliário de acordo com as atividades diversificadas nela desenvolvidas, tais como: roda de conversas, trabalho em grupo, entre outros?"
"2.1.3 Os espaços da escola estão disponibilizados para a realização de atividades diversificadas extraclasse, tais como: concretização de receitas, contemplação da natureza, locais para brincadeiras, entre outras?"|"2.1.3 Os espaços da escola estão disponibilizados para a realização de atividades diversificadas extraclasse, tais como: concretização de receitas, contemplação da natureza, locais para brincadeiras, entre outras?"|"2.1.3 Os espaços da escola estão disponibilizados para a realização de atividades diversificadas extraclasse, tais como: concretização de receitas, contemplação da natureza, locais para brincadeiras, entre outras?"
"2.1.4 As vias para acesso de pessoas com deficiência estão em boas condições de uso?"|"2.1.4 As vias para acesso de pessoas com deficiência estão em boas condições de uso?"|"2.1.4 As vias para acesso de pessoas com deficiência estão em boas condições de uso?"
"2.2.1 Há espaço organizado para a leitura, como biblioteca ou cantinho de leitura, equipado com livros, com estantes, revistas e outros materiais acessíveis às crianças?"|"2.2.1 Há espaço organizado para a leitura, como biblioteca ou cantinho de leitura, equipado com livros, com estantes, revistas e outros materiais acessíveis às crianças?"|"2.2.1 Há espaço organizado para a leitura, como biblioteca ou cantinho de leitura, equipado com livros, com estantes, revistas e outros materiais acessíveis às crianças?"
"2.2.2 Os espaços e equipamentos são acessíveis para acolher as crianças com deficiência?"|"2.2.2 Os espaços e equipamentos são acessíveis para acolher as crianças com deficiência?"|"2.2.2 Os espaços e equipamentos são acessíveis para acolher as crianças com deficiência?"
"2.2.3 A escola disponibiliza, nas salas, espelhos seguros e na altura das crianças para que possam brincar e observar a própria imagem diariamente?"|"2.2.3 A escola disponibiliza, nas salas, espelhos seguros e na altura das crianças para que possam brincar e observar a própria imagem diariamente?"|"2.2.3 A escola disponibiliza, nas salas, espelhos seguros e na altura das crianças para que possam brincar e observar a própria imagem diariamente?"
"2.2.4 A escola prevê móveis firmes para que os bebês e crianças pequenas possam se apoiar ao tentar ficar em pé sozinhos? Esta questão se refere somente à Creche."|"2.2.4 A escola prevê móveis firmes para que os bebês e crianças pequenas possam se apoiar ao tentar ficar em pé sozinhos? Esta questão se refere somente à Creche."|"2.2.4 A escola prevê móveis firmes para que os bebês e crianças pequenas possam se apoiar ao tentar ficar em pé sozinhos? Esta questão se refere somente à Creche."
"2.3.1 Há na escola, ao longo de todo o ano, materiais pedagógicos diversos para desenhar, pintar, modelar, construir objetos tridimensionais (barro, argila, massinha), escrever e experimentar?"|"2.3.1 Há na escola, ao longo de todo o ano, materiais pedagógicos diversos para desenhar, pintar, modelar, construir objetos tridimensionais (barro, argila, massinha), escrever e experimentar?"|"2.3.1 Há na escola, ao longo de todo o ano, materiais pedagógicos diversos para desenhar, pintar, modelar, construir objetos tridimensionais (barro, argila, massinha), escrever e experimentar?"
"2.3.2 Há instrumentos musicais de diversas variedades e em quantidade suficiente?"|"2.3.2 Há instrumentos musicais de diversas variedades e em quantidade suficiente?"|"2.3.2 Há instrumentos musicais de diversas variedades e em quantidade suficiente?"
"2.3.3 Há livros e outros materiais de leitura, brinquedos, materiais pedagógicos e audiovisuais adequados às necessidades das crianças com deficiência?"|"2.3.3 Há livros e outros materiais de leitura, brinquedos, materiais pedagógicos e audiovisuais adequados às necessidades das crianças com deficiência?"|"2.3.3 Há livros e outros materiais de leitura, brinquedos, materiais pedagógicos e audiovisuais adequados às necessidades das crianças com deficiência?"
"2.3.4 Há objetos e brinquedos de diferentes materiais, adequados às necessidades das crianças (explorar texturas, sons, formas e pesos, morder, puxar, pôr e retirar, empilhar, abrir e fechar, ligar e desligar, encaixar e empurrar etc.)? "|"2.3.4 Há objetos e brinquedos de diferentes materiais, adequados às necessidades das crianças (explorar texturas, sons, formas e pesos, morder, puxar, pôr e retirar, empilhar abrir e fechar, ligar e desligar, encaixar e empurrar etc.)? "|"2.3.4 Há objetos e brinquedos de diferentes materiais, adequados às necessidades das crianças (explorar texturas, sons, formas e pesos, morder, puxar, pôr e retirar, empilhar abrir e fechar, ligar e desligar, encaixar e empurrar etc.)? "
"2.4.1 Esta questão não se refere a este segmento."|"2.4.1 Há espaço que permite o descanso e o trabalho individual ou coletivo da equipe, que seja confortável, silencioso, com mobiliário adequado para adultos e separado dos espaços das crianças (para reuniões, estudos, momentos de formação e planejamento)?"|"2.4.1 Há espaço que permite o descanso e o trabalho individual ou coletivo da equipe que seja confortável, silencioso, com mobiliário adequado para adultos e separado dos espaços das crianças (para reuniões, estudos, momentos de formação e planejamento)?"
"2.4.2 Esta questão não se refere a este segmento."|"2.4.2 Há banheiro de uso exclusivo dos profissionais, com chuveiro, pia e vaso sanitário?"|"2.4.2 Há banheiro de uso exclusivo dos profissionais, com chuveiro, pia e vaso sanitário?"
"2.4.3 Há fraldário/mesa/bancada na altura adequada ao adulto para troca de fraldas dos bebês com deficiência, com segurança? "|"2.4.3 Há fraldário/mesa/bancada na altura adequada ao adulto para troca de fraldas dos bebês e das crianças com deficiência, com segurança? "|"2.4.3 Há fraldário/mesa/bancada na altura adequada ao adulto para troca de fraldas dos bebês e das crianças com deficiência, com segurança?"
"2.4.4 Há espaços especialmente planejados para recepção e acolhimento dos familiares?"|"2.4.4 Esta questão não se refere a este segmento."|"2.4.4 Esta questão não se refere a este segmento."
"3.1.1 A escola tem uma proposta pedagógica, em forma de documento, conhecida por todos (Plano de Trabalho Anual – PTA)?"|"3.1.1 A escola tem uma proposta pedagógica em forma de documento conhecida por todos (Plano de Trabalho Anual – PTA)? "|"3.1.1 A escola tem uma proposta pedagógica em forma de documento conhecida por todos (Plano de Trabalho Anual – PTA)?"
"3.1.2 O senhor ou a senhora conhece o PEPP da escola?"|"3.1.2 O senhor ou a senhora conhece o PEPP da escola?"|"3.1.2 Educandos, familiares e profissionais da escola conhecem o PEPP da escola?"
"3.1.3 O senhor ou a senhora participa ativamente da elaboração, avaliação e monitoramento do PEPP e PTA da escola? "|"3.1.3 Educandos, familiares, professores, funcionários de apoio e diretor participam ativamente da elaboração, avaliação e monitoramento do PEPP e PTA da escola? "|"3.1.3 Educandos, familiares, professores, funcionários de apoio e diretor participam ativamente da elaboração, avaliação e monitoramento do PEPP e PTA da escola?"
"3.1.1 Esta questão não se refere a este segmento."|"3.2.1 Esta questão não se refere a este segmento."|"3.2.1 Os professores fazem registros qualificados do ponto de vista pedagógico, como a ficha de caracterização, sobre as brincadeiras, vivências, produções e aprendizagens de cada criança e do grupo?"
"3.1.2 Esta questão não se refere a este segmento."|"3.2.2 Esta questão não se refere a este segmento."|"3.2.2 A escola possui documentação organizada sobre cada criança, como ficha de matrícula, cópia de documentos, cartão de vacinação e histórico de saúde? "
"3.3.1 Esta questão não se refere a este segmento."|"3.3.1 Esta questão não se refere a este segmento."|"3.3.1 Os professores planejam regularmente suas aulas?"
"3.3.2 Esta questão não se refere a este segmento."|"3.3.2 Esta questão não se refere a este segmento."|"3.3.2 O cumprimento do planejamento dos professores é acompanhado pela direção e orientação pedagógica da escola, semanalmente, nos Horários de Trabalho Pedagógico (HTPs)? "
"3.3.3 Esta questão não se refere a este segmento."|"3.3.3 Esta questão não se refere a este segmento."|"3.3.3 Os professores incorporam em seus planejamentos práticas pedagógicas coerentes com o PEPP/PTA?"
"3.3.4 Esta questão não se refere a este segmento."|"3.3.4 Esta questão não se refere a este segmento."|"3.3.4 Os professores ouvem e consideram opiniões, sugestões e interesse das crianças para definir os objetivos do trabalho pedagógico, bem como planejar suas aulas e a rotina diária? "
"3.3.5 Esta questão não se refere a este segmento."|"3.3.5 Esta questão não se refere a este segmento."|"3.3.5 Os registros sobre as brincadeiras, vivências, produções e aprendizagens de cada criança e do grupo são utilizados como fonte de consulta para novos planejamentos?"
"3.3.6 Esta questão não se refere a este segmento."|"3.3.6 Esta questão não se refere a este segmento."|"3.3.6 As atividades referente ao projeto Lego são planejadas com base nas formações recebidas pelos professores?"
"3.4.1 Professores e educandos desenvolvem atividades para refletir e formular propostas para os desafios que percebem no estudo do entorno da escola? "|"3.4.1 Professores e educandos desenvolvem atividades para refletir e formular propostas para os desafios que percebem no estudo do entorno da escola? "|"3.4.1 Professores e educandos desenvolvem atividades para refletir e formular propostas para os desafios que percebem no estudo do entorno da escola? "
"3.4.2 A escola promove visitas no entorno para que os educandos conheçam os equipamentos públicos do bairro? "|"3.4.2 A escola promove visitas no entorno para que os educandos conheçam os equipamentos públicos do bairro? "|"3.4.2 A escola promove visitas no entorno para que os educandos conheçam os equipamentos públicos do bairro?"
"3.4.3 Temáticas importantes para o processo educativo são tratadas na escola com os educandos e familiares (sexualidade, gravidez, alcoolismo e drogas, violência, emprego e desemprego, tráfico de drogas, namoro, relacionamento com os pais, amizade etc.), de acordo com a faixa etária e as demandas? "|"3.4.3 Temáticas importantes para o processo educativo são tratadas na escola com os educandos e familiares (sexualidade, gravidez, alcoolismo e drogas, violência, emprego e desemprego, tráfico de drogas, namoro, relacionamento com os pais, amizade etc.), de acordo com a faixa etária e as demandas? "|"3.4.3 Temáticas importantes para o processo educativo são tratadas na escola com os educandos e familiares (sexualidade, gravidez, alcoolismo e drogas, violência, emprego e desemprego, tráfico de drogas, namoro, relacionamento com os pais, amizade etc.), de acordo com a faixa etária e as demandas? "
"3.5.1 A equipe escolar apoia as crianças na conquista da autonomia para a realização dos cuidados diários (escovar os dentes, guardar os brinquedos, guardar os materiais pedagógicos, alcançar objetos, tirar e colocar calçados, lavar as mãos, servir-se nas refeições, usar o sanitário, entre outras)?"|"3.5.1 A equipe escolar apoia as crianças na conquista da autonomia para a realização dos cuidados diários (escovar os dentes, guardar os brinquedos, guardar os materiais pedagógicos, alcançar objetos, tirar e colocar calçados, lavar as mãos, servir-se nas refeições, usar o sanitário, entre outras)?"|"3.5.1 A equipe escolar apoia as crianças na conquista da autonomia para a realização dos cuidados diários (escovar os dentes, guardar os brinquedos, guardar os materiais pedagógicos, alcançar objetos, tirar e colocar calçados, lavar as mãos, servir-se nas refeições, usar o sanitário, entre outras)?"
"3.5.2 Os professores incentivam as crianças a escolherem brincadeiras, brinquedos e materiais? "|"3.5.2 Os professores incentivam as crianças a escolherem brincadeiras, brinquedos e materiais? "|"3.5.2 Os professores incentivam as crianças a escolherem brincadeiras, brinquedos e materiais? "
"3.5.3 Os educandos são incentivados e orientados para desenvolver pesquisas e experimentos? "|"3.5.3 Os educandos são incentivados e orientados para desenvolver pesquisas e experimentos? "|"3.5.3 Os educandos são incentivados e orientados para desenvolver pesquisas e experimentos? "
"3.5.4 Os brinquedos e jogos são guardados em locais de livre acesso às crianças? "|"3.5.4 Os brinquedos e jogos são guardados em locais de livre acesso às crianças? "|"3.5.4 Os brinquedos e jogos são guardados em locais de livre acesso às crianças? "
"3.5.5 As crianças são incentivadas a guardarem os brinquedos?"|"3.5.5 As crianças são incentivadas a guardarem os brinquedos?"|"3.5.5 As crianças são incentivadas a guardarem os brinquedos?"
"3.6.1 Os professores fazem uso de diferentes recursos pedagógicos (jornais, revistas, livros diversos, obras de arte, filmes) no ambiente escolar?"|"3.6.1 Os professores fazem uso de diferentes recursos pedagógicos (jornais, revistas, livros diversos, obras de arte, filmes) no ambiente escolar?  "|"3.6.1 Os professores fazem uso de diferentes recursos pedagógicos (jornais, revistas, livros diversos, obras de arte, filmes) no ambiente escolar?"
"3.6.2 Os professores propõem atividades pedagógicas fora da escola, como passeios, excursões etc.? "|"3.6.2 Os professores propõem atividades pedagógicas fora da escola como passeios, excursões etc.? "|"3.6.2 Os professores propõem atividades pedagógicas fora da escola como passeios, excursões etc.? "
"3.6.3 As atividades pedagógicas para casa são passadas de forma adequada para consolidar e ampliar o conhecimento do educando?"|"3.6.3 Esta questão não se refere a este segmento."|"3.6.3 As atividades pedagógicas para casa são passadas de forma adequada para consolidar e ampliar o conhecimento do educando?"
"3.7.1 A escola cuida para que todos os educandos recebam a mesma atenção na Unidade Educacional (negros, brancos, indígenas, pessoas com deficiência, pessoas com transtorno invasivo do desenvolvimento – TIDs, homens ou mulheres, homossexuais ou não etc.)?"|"3.7.1 A escola cuida para que todos os educandos recebam a mesma atenção na Unidade Educacional (negros, brancos, indígenas, pessoas com deficiência, pessoas com transtornos invasivos do desenvolvimento – TIDs, homens ou mulheres, homossexuais ou não etc.)?"|"3.7.1 A escola cuida para que todos os educandos recebam a mesma atenção na Unidade Educacional (negros, brancos, indígenas, pessoas com deficiência, pessoas com transtornos invasivos do desenvolvimento – TIDs, homens ou mulheres, homossexuais ou não etc.)?"
"3.7.2 A escola é um espaço de respeito à criação e à expressão das tradições culturais das crianças, das famílias e da comunidade?"|"3.7.2 A escola é um espaço de respeito à criação e à expressão das tradições culturais das crianças, das famílias e da comunidade?"|"3.7.2 A escola é um espaço de respeito à criação e à expressão das tradições culturais das crianças, das famílias e da comunidade?"
"3.7.3 No dia a dia, os professores dão atenção individual àqueles educandos que apresentam dificuldades de aprendizagem ou que apresentam problemas de relacionamento nas brincadeiras e atividades em grupos?"|"3.7.3 No dia a dia, os professores dão atenção individual àqueles educandos que apresentam dificuldades de aprendizagem ou que apresentam problemas de relacionamento nas brincadeiras e atividades em grupos?"|"3.7.3 No dia a dia, os professores dão atenção individual àqueles educandos que apresentam dificuldades de aprendizagem ou que apresentam problemas de relacionamento nas brincadeiras e atividades em grupos?"
"3.7.4 Os professores promovem a participação das crianças com deficiência em todas as atividades do cotidiano?"|"3.7.4 Os professores promovem a participação das crianças com deficiência em todas as atividades do cotidiano?"|"3.7.4 Os professores promovem a participação das crianças com deficiência em todas as atividades do cotidiano?"
"3.8.1 As crianças brincam com sons, ritmos e melodias com a voz?"|"3.8.1 As crianças brincam com sons, ritmos e melodias com a voz?"|"3.8.1 As crianças brincam  com sons, ritmos e melodias com a voz?"
"3.8.2 As crianças são incentivadas a produzir pinturas, desenhos, esculturas, com materiais diversos e adequados à faixa etária?"|"3.8.2 As crianças são incentivadas a produzir pinturas, desenhos, esculturas, com materiais diversos e adequados à faixa etária?"|"3.8.2 As crianças são incentivadas a produzir pinturas, desenhos, esculturas, com materiais diversos e adequados à faixa etária?"
"3.8.3 Esta questão não se refere a este segmento."|"3.8.3 Esta questão não se refere a este segmento."|"3.8.3 Os professores oportunizam o uso constante do Lego no ambiente escolar, explorando propostas diversificadas de utilização?"
"3.9.1 Os professores leem, diariamente, textos de diferentes gêneros para as crianças?"|"3.9.1 Os professores leem, diariamente, textos de diferentes gêneros para as crianças?"|"3.9.1 Os professores leem, diariamente, textos de diferentes gêneros para as crianças?"
"3.9.2 Os professores incentivam as crianças a manusear livros, revistas e outros portadores de textos?"|"3.9.2 Os professores incentivam as crianças a manusear livros, revistas e outros portadores de textos?"|"3.9.2 Os professores incentivam as crianças a manusear livros, revistas e outros portadores de textos?"
"3.9.3 As crianças são incentivadas a produzir textos mesmo sem saber ler e escrever, tendo o educador como “escriba”?"|"3.9.3 As crianças são incentivadas a produzir textos mesmo sem saber ler e escrever, tendo o educador como “escriba”?"|"3.9.3 As crianças são incentivadas a produzir textos mesmo sem saber ler e escrever tendo o educador como “escriba”?"
"3.9.4 Os professores incentivam as crianças maiores, individualmente ou em grupos, a contar e recontar histórias e a narrar situações? "|"3.9.4 Os professores incentivam as crianças maiores, individualmente ou em grupos, a contar e recontar histórias e a narrar situações?"|"3.9.4 Os professores incentivam as crianças maiores, individualmente ou em grupos, a contar e recontar histórias e a narrar situações? "
"3.9.5 Os familiares e responsáveis recebem orientações dos professores sobre como aproximar as crianças do mundo da leitura e da escrita durante a convivência familiar? "|"3.9.5 Esta questão não se refere a este segmento."|"3.9.5 Os familiares e responsáveis recebem orientações dos professores sobre como aproximar as crianças do mundo da leitura e da escrita durante a convivência familiar? "
"3.10.1 Os familiares são atendidos e orientados pelo CTP?"|"3.10.1 Os familiares são atendidos e orientados pelo CTP?"|"3.10.1 A equipe escolar é atendida e orientada pelo CTP?"
"3.10.2 O CTP realiza orientações específicas às famílias que têm dificuldade na organização/sistematização da vida escolar do educando?"|"3.10.2 O CTP realiza orientações às famílias que têm dificuldade na organização/sistematização da vida escolar do educando?"|"3.10.2 O CTP realiza orientações específicas às famílias que têm dificuldade na organização/sistematização da vida escolar do educando?"
"3.10.3 O CTP encaminha e orienta os educandos quando estes possuem dificuldades?"|"3.10.3 O CTP encaminha e orienta os profissionais e educandos quando estes possuam dificuldades?"|"3.10.3 O CTP encaminha e orienta os profissionais e educandos quando estes possuam dificuldades?"
"3.10.4 O CTP dialoga com os educandos e familiares, de modo a conhecer suas características/demandas, e articula projetos para atender suas necessidades?"|"3.10.4 O CTP dialoga com os educandos e familiares de modo a conhecer suas características/demandas, e articula projetos para atender as necessidades?"|"3.10.4 O CTP dialoga com os educandos e familiares de modo a conhecer suas características/demandas, e articula projetos para atender as necessidades?"
"3.10.5 Esta questão não se refere a este segmento."|"3.10.5 O CTP possui plano de trabalho/planejamento prévio nas ações desenvolvidas na escola? "|"3.10.5 O CTP possui plano de trabalho/planejamento prévio nas ações desenvolvidas na escola? "
"4.1.1 Os professores observam a progressão dos educandos e suas principais dificuldades na construção do conhecimento (corrigem trabalhos, circulam pela classe enquanto os educandos estão fazendo seus exercícios, incentivam os educandos a fazer perguntas e tirar dúvidas etc.)?"|"4.1.1 Os professores observam a progressão dos educandos e suas principais dificuldades na construção do conhecimento (corrigem trabalhos, circulam pela classe enquanto os educandos estão fazendo seus exercícios, incentivam os educandos a fazer perguntas e tirar dúvidas etc.)? "|"4.1.1 Os professores observam a progressão dos educandos e suas principais dificuldades na construção do conhecimento (corrigem trabalhos, circulam pela classe enquanto os educandos estão fazendo seus exercícios, incentivam os educandos a fazer perguntas e tirar dúvidas etc.)? "
"4.1.2 Os pais são informados com clareza sobre os objetivos de aprendizagem, as atividades de ensino e avaliação dos educandos?"|"4.1.2 Esta questão não se refere a este segmento."|"4.1.2 A escola estabelece relação clara entre os objetivos de aprendizagem, as atividades de ensino e a avaliação dos educandos? "
"4.1.3 O encaminhamento à Sala de Atendimento Educacional Especializado (SAEE) tem proporcionado avanços na aprendizagem dos educandos? Esta questão se refere somente à Emei."|"4.1.3 Esta questão não se refere a este segmento."|"4.1.3 O encaminhamento à Sala de Atendimento Educacional Especializado (SAEE) tem proporcionado avanços na aprendizagem dos educandos? Esta questão se refere somente à Emei."
"4.2.1 Os professores fazem uso de diferentes instrumentos de avaliação (observação do desenvolvimento da criança nas brincadeiras, nas interações, na expressão da criança, nas produções artísticas etc.)?"|"4.2.1 Os professores fazem uso de diferentes instrumentos de avaliação (observação do desenvolvimento da criança nas brincadeiras, nas interações, na expressão da criança, nas produções artísticas etc.)? "|"4.2.1 Os professores fazem uso de diferentes instrumentos de avaliação (observação do desenvolvimento da criança nas brincadeiras, nas interações, na expressão da criança, nas produções artísticas etc.)? "
"4.2.2 Os educandos podem mostrar suas aprendizagens e seus trabalhos de formas variadas (oralmente, por escrito, por meio de informática, linguagem corporal, recursos das artes, brincadeiras, entre outras)? "|"4.2.2 Os educandos podem mostrar suas aprendizagens e seus trabalhos de formas variadas (oralmente, por escrito, por meio de informática, de linguagem corporal, dos recursos das artes, das brincadeiras, entre outras)? "|"4.2.2 Os educandos podem mostrar suas aprendizagens e seus trabalhos de formas variadas (oralmente, por escrito, por meio de informática, de linguagem corporal, dos recursos das artes, das brincadeiras, entre outras)? "
"4.2.3 As famílias são informadas e orientadas sobre o desenvolvimento da criança, do ponto de vista global?"|"4.2.3 Esta questão não se refere a este segmento."|"4.2.3 As famílias são informadas e orientadas sobre o desenvolvimento da criança, do ponto de vista global?"
"4.3.1 A equipe escolar envolve os educandos na organização, realização e avaliação das atividades desenvolvidas no ambiente educativo, valorizando assim a participação de todos no desenvolvimento do curso?"|"4.3.1 A equipe escolar  envolve os educandos na organização, realização e avaliação das atividades desenvolvidas e no ambiente educativo, valorizando assim a participação de todos no desenvolvimento do curso?"|"4.3.1 A equipe escolar envolve os educandos na organização, realização e avaliação das atividades desenvolvidas no ambiente educativo, valorizando assim a participação de todos no desenvolvimento do curso?"
"4.3.2 Os educandos são orientados pelos professores a fazer autoavaliação (falar, ouvir, expressar e registrar o que aprenderam)?"|"4.3.2 Esta questão não se refere a este segmento."|"4.3.2 Os educandos são orientados pelos professores a fazer autoavaliação (falar, ouvir, expressar e registrar o que aprenderam)? "
"4.4.1 Esta questão não se refere a este segmento."|"4.4.1 Existe o interesse de que a escola desenvolva algum procedimento anual para avaliar o desempenho profissional das pessoas que nela trabalham?"|"4.4.1 Existe o interesse de que a escola desenvolva algum procedimento anual para avaliar o desempenho profissional das pessoas que nela trabalham?"
"4.5.1 A Unidade Educacional tem compartilhado os resultados das avaliações anuais com a comunidade envolvida?"|"4.5.1 A Unidade Educacional tem compartilhado os resultados das avaliações anuais com a comunidade envolvida?"|"4.5.1 A Unidade Educacional tem compartilhado os resultados das avaliações anuais com a comunidade envolvida?"
"4.5.2 A Unidade Educacional tem conseguido refletir e analisar coletivamente os resultados da avaliação educacional?"|"4.5.2 A Unidade Educacional tem conseguido refletir e analisar coletivamente os resultados da avaliação educacional?"|"4.5.2 A Unidade Educacional tem conseguido refletir e analisar coletivamente os resultados da avaliação educacional?"
"4.5.3 Estão sendo desenvolvidas ações para os desafios apresentados pelos resultados da avaliação educacional?"|"4.5.3 Estão sendo desenvolvidas ações para os desafios apresentados pelos resultados da avaliação educacional?"|"4.5.3 Estão sendo desenvolvidas ações para os desafios apresentados pelos resultados da avaliação educacional?"
"5.1.1 A escola oferece oportunidades diversificadas para educandos que têm dificuldades de aprendizagem, oferecendo uma variedade de estratégias e o uso de diferentes linguagens (lições extras, acompanhamento escolar, solicitação de formadores para realização de debates, entre outros)?"|"5.1.1 Esta questão não se refere a este segmento."|"5.1.1 A escola oferece oportunidades diversificadas para educandos que têm dificuldades de aprendizagem, oferecendo uma variedade de estratégias e o uso de diferentes linguagens (lições extras, acompanhamento escolar, solicitação de formadores para realização de debates, entre outros)?"
"5.2.1 Além da educação formal, a escola oferece outras oportunidades educativas para a comunidade?"|"5.2.1 Além da educação formal, a escola oferece outras oportunidades educativas para a comunidade?"|"5.2.1 Além da educação formal, a escola oferece outras oportunidades educativas para a comunidade?"
"5.3.1 A equipe escolar procura compreender as causas das faltas dos educandos e toma as providências necessárias? "|"5.3.1 A equipe escolar procura compreender as causas das faltas dos educandos e toma as providências necessárias? "|"5.3.1 A equipe escolar procura compreender as causas das faltas dos educandos e toma as providências necessárias? "
"5.3.2 A equipe escolar busca compreender as causas do abandono e da evasão no âmbito do Conselho de Gestão Compartilhada (CGC)?"|"5.3.2 A equipe escolar busca compreender as causas do abandono e da evasão no âmbito do Conselho de Gestão Compartilhada (CGC)?"|"5.3.2 A equipe escolar busca compreender as causas do abandono e da evasão no âmbito do Conselho de Gestão Compartilhada (CGC)?"
"5.3.3 A escola informa ao Conselho Tutelar o excesso de falta ou abandono?"|"5.3.3 Esta questão não se refere a este segmento."|"5.3.3 A escola informa ao Conselho Tutelar o excesso de falta ou abandono?"
"6.1.1 A escola dispõe de um cardápio nutricional variado e rico que atenda às necessidades das crianças? "|"6.1.1 A escola dispõe de um cardápio nutricional variado e rico que atenda às necessidades das crianças? "|"6.1.1 A escola dispõe de um cardápio nutricional variado e rico que atenda às necessidades das crianças? "
"6.1.2 Os professores seguem um programa da escola para a retirada da mamadeira e a introdução de alimentos sólidos (frutas, verduras etc.)? Esta questão se refere apenas à Creche."|"6.1.2 Os professores seguem um programa da escola para a retirada da mamadeira e a introdução de alimentos sólidos (frutas, verduras etc.)? Esta questão se refere apenas à Creche."|"6.1.2 Os professores seguem um programa da escola para a retirada da mamadeira e a introdução de alimentos sólidos (frutas, verduras etc.)? Esta questão se refere apenas à Creche."
"6.1.3 A escola possibilita o aleitamento materno? Esta questão se refere apenas à Creche."|"6.1.3 A escola possibilita o aleitamento materno? Esta questão se refere apenas à Creche."|"6.1.3 A escola possibilita o aleitamento materno? Esta questão se refere apenas à Creche."
"6.1.4 As famílias são informadas sobre a alimentação das crianças?"|"6.1.4 As famílias são informadas sobre a alimentação das crianças?"|"6.1.4 As famílias são informadas sobre a alimentação das crianças? "
"6.1.5 Os educandos possuem autonomia para se servirem nas refeições (self-service)? "|"6.1.5 Os educandos possuem autonomia para se servirem nas refeições (self-service)?"|"6.1.5 Os educandos possuem autonomia para se servirem nas refeições (self-service)? "
"6.1.6 Esta pergunta não se refere a este segmento."|"6.1.6 Os educandos usufruem de um ambiente agradável e tranquilo para as refeições?"|"6.1.6 Os educandos usufruem de um ambiente agradável e tranquilo para as refeições?"
"6.1.7 Esta pergunta não se refere a este segmento."|"6.1.7 As cozinheiras recebem formação, com a equipe de nutricionistas, para a devida adaptação do cardápio àqueles que necessitam de dietas?"|"6.1.7 Esta questão não se refere a este segmento."
"6.2.1 As salas de atividades e demais ambientes internos e externos são agradáveis, limpos, ventilados e tranquilos, com acústica, iluminação e acessibilidade adequadas?"|"6.2.1 As salas de atividades e demais ambientes internos e externos são agradáveis, limpos, ventilados e tranquilos, com acústica, iluminação e acessibilidade adequadas?"|"6.2.1 As salas de atividades e demais ambientes internos e externos são agradáveis, limpos, ventilados e tranquilos, com acústica, iluminação e acessibilidade adequadas?"
"6.2.2 São tomados os cuidados necessários com a limpeza e com a higiene nos momentos de troca de fraldas e uso dos sanitários (lixeiras com pedal e tampa, retirada das fraldas sujas do ambiente imediatamente após as trocas, higiene das mãos)?"|"6.2.2 São tomados os cuidados necessários com a limpeza e com a higiene nos momentos de troca de fraldas e uso dos sanitários (lixeiras com pedal e tampa, retirada das fraldas sujas do ambiente imediatamente após as trocas, higiene das mãos)?"|"6.2.2 São tomados os cuidados necessários com a limpeza e com a higiene nos momentos de troca de fraldas e uso dos sanitários (lixeiras com pedal e tampa, retirada das fraldas sujas do ambiente imediatamente após as trocas, higiene das mãos)?"
"6.3.1 A escola protege todos os pontos potencialmente perigosos do prédio para garantir a circulação segura das crianças e evitar acidentes?"|"6.3.1 A escola protege todos os pontos potencialmente perigosos do prédio para garantir a circulação segura das crianças e evitar acidentes?"|"6.3.1 A escola protege todos os pontos potencialmente perigosos do prédio para garantir a circulação segura das crianças e evitar acidentes?"
"6.3.2 A escola dispõe de adequados equipamentos de segurança contra incêndio? "|"6.3.2 A escola dispõe de adequados equipamentos de segurança contra incêndio? "|"6.3.2 A escola dispõe de adequados equipamentos de segurança contra incêndio? "
"6.3.3 A escola dispõe de profissionais treinados para eventuais emergências e acidentes? "|"6.3.3 A escola dispõe de profissionais treinados para eventuais emergências e acidentes? "|"6.3.3 A escola dispõe de profissionais treinados para eventuais emergências e acidentes? "
"6.3.4 A escola tem procedimentos preestabelecidos e conhecidos por todos, que devem ser tomados em caso de acidentes?"|"6.3.4 A escola tem procedimentos preestabelecidos e conhecidos por todos, que devem ser tomados em caso de acidentes?"|"6.3.4 A escola tem procedimentos preestabelecidos e conhecidos por todos, que devem ser tomados em caso de acidentes?"
"6.4.1 Informações importantes relacionadas à saúde humana e à proteção ambiental são amplamente difundidas junto à família e à comunidade escolar? "|"6.4.1 Informações importantes relacionadas à saúde humana e à proteção ambiental são amplamente difundidas junto à família e à comunidade escolar? "|"6.4.1 Informações importantes relacionadas à saúde humana e à proteção ambiental são amplamente difundidas junto à família e à comunidade escolar? "
"6.4.2 A escola incentiva e orienta as crianças a escovarem os dentes após as refeições?"|"6.4.2 A escola incentiva e orienta as crianças a escovarem os dentes após as refeições?"|"6.4.2 A escola incentiva e orienta as crianças a escovarem os dentes após as refeições?"
"6.4.3 Os espaços são limpos e conservados periodicamente, de forma a prevenir contaminações?"|"6.4.3 Os espaços são limpos e conservados periodicamente de forma a prevenir contaminações?"|"6.4.3 Os espaços são limpos e conservados periodicamente de forma a prevenir contaminações?"
"6.4.4 Os educandos mantêm seu corpo cuidado, limpo e saudável, aprendendo a cuidar de si próprios e a assumir responsabilidades em relação à sua higiene e à saúde bucal? "|"6.4.4 Os educandos mantêm seu corpo cuidado, limpo e saudável, aprendendo a cuidar de si próprios e a assumir responsabilidades em relação à sua higiene e à saúde bucal? "|"6.4.4 Os educandos mantêm seu corpo cuidado, limpo e saudável, aprendendo a cuidar de si próprios e a assumir responsabilidades em relação à sua higiene e à saúde bucal? "
"6.4.5 Os adultos da escola tratam adequadamente as curiosidades dos educandos em relação ao corpo e à sexualidade humana, não reprimindo as manifestações e interesses sobre tais assuntos? "|"6.4.5 Os adultos da escola tratam adequadamente as curiosidades dos educandos em relação ao corpo e à sexualidade humana, não reprimindo as manifestações e interesses sobre tais assuntos? "|"6.4.5 Os adultos da escola tratam adequadamente as curiosidades dos educandos em relação ao corpo e à sexualidade humana, não reprimindo as manifestações e interesses sobre tais assuntos? "
"6.4.6 As famílias mantêm comunicação com a escola quando seus filhos ou filhas ficam doentes e não podem frequentar a escola? "|"6.4.6 Esta questão não se refere a este segmento."|"6.4.6 As famílias mantêm comunicação com a escola quando os educandos ficam doentes e não podem frequentar a escola? "
"6.4.7 A escola comunica os casos de doenças infecciosas às famílias e aos órgãos públicos competentes? "|"6.4.7 A escola comunica os casos de doenças infecciosas às famílias e aos órgãos públicos competentes?"|"6.4.7 A escola comunica os casos de doenças infecciosas às famílias e aos órgãos públicos competentes?"
"6.4.8 A escola acompanha o desenvolvimento dos educandos, procurando orientação especializada para o caso de crianças com dificuldades psicoafetivas ou problemas de desenvolvimento?"|"6.4.8 Esta questão não se refere a este segmento."|"6.4.8 A escola acompanha o desenvolvimento dos educandos, procurando orientação especializada para o caso de crianças com dificuldades psicoafetivas ou problemas de desenvolvimento?"
"6.4.9 Esta questão não se refere a este segmento."|"6.4.9 Há material individual de higiene, de qualidade e em quantidade suficiente, guardado em locais adequados (sabonetes, escovas de dente e outros itens)? "|"6.4.9 Há material individual de higiene, de qualidade e em quantidade suficiente, guardado em locais adequados (sabonetes, escovas de dente e outros itens)? "
"7.1.1 A escola vem proporcionando ao senhor ou à senhora uma maior conscientização sobre a importância de cuidar bem do planeta? "|"7.1.1 A escola vem proporcionando ao senhor ou à senhora uma maior conscientização sobre a importância de cuidar bem do planeta? "|"7.1.1 A escola vem proporcionando uma maior conscientização sobre a importância de cuidar bem do planeta? "
"7.1.2 A escola costuma debater temas como ecologia, preservação de ecossistemas, mudanças climáticas, desmatamento, contaminação da água, consumo de energia, entre outros temas importantes para a preservação ambiental? "|"7.1.2 A escola costuma debater temas como ecologia, preservação de ecossistemas, mudanças climáticas, desmatamento, contaminação da água, consumo de energia, entre outros temas importantes para a preservação ambiental? "|"7.1.2 A escola costuma debater temas como ecologia, preservação de ecossistemas, mudanças climáticas, desmatamento, contaminação da água, consumo de energia, entre outros temas importantes para a preservação ambiental? "
"7.1.3 Esta questão não se refere a este segmento."|"7.1.3 A equipe escolar possibilita contato e brincadeiras das crianças com animais e com elementos da natureza, como água, areia, terra, pedras, argila, plantas, folhas e sementes? "|"7.1.3 A equipe escolar possibilita contato e brincadeiras das crianças com animais e com elementos da natureza, como água, areia, terra, pedras, argilas, plantas, folhas e sementes?"
"7.1.4 Olhando para o lugar em que você vive, você considera que existe respeito a todos os elementos que compõem a natureza, tais como a água, o solo, o ar, os organismos vivos e as atividades humanas? "|"7.1.4 Olhando para o lugar em que você vive, você considera que existe respeito a todos os elementos que compõem a natureza, tais como a água, o solo, o ar, os organismos e as atividades humanas? "|"7.1.4 Olhando para o lugar em que você vive, você considera que existe respeito a todos os elementos que compõem a natureza, tais como a água, o solo, o ar, os organismos vivos e as atividades humanas? "
"7.1.5 Você se considera responsável pela preservação das várias espécies de vida no planeta? "|"7.1.5 Você se considera responsável pela preservação das várias espécies de vida no planeta? "|"7.1.5 Você se considera responsável pela preservação das várias espécies de vida no planeta? "
"7.2.1 A escola reaproveita materiais escolares (papel, lápis de cor etc.), explorando pedagogicamente essa prática com os educandos? "|"7.2.1 A escola reaproveita materiais escolares (papel, lápis de cor etc.), explorando pedagogicamente essa prática com os educandos? "|"7.2.1 A escola reaproveita materiais escolares (papel, lápis de cor etc.), explorando pedagogicamente essa prática com os educandos? "
"7.2.2 Esta questão não se refere a este segmento."|"7.2.2 A escola evita o uso de materiais descartáveis, preferindo o uso de alternativas que reduzem os impactos no meio ambiente, como canecas de uso permanente, sacolas de pano etc.?"|"7.2.2 A escola evita o uso de materiais descartáveis, preferindo o uso de alternativas que reduzem os impactos no meio ambiente, como canecas de uso permanente, sacolas de pano etc.?"
"7.2.3 A escola desenvolve programa de coleta seletiva de lixo com ampla participação da comunidade?"|"7.2.3 A escola desenvolve programa de coleta seletiva de lixo com ampla participação da comunidade?"|"7.2.3 A escola desenvolve programa de coleta seletiva de lixo com ampla participação da comunidade?"
"7.2.4 Existem acordos e procedimentos específicos, envolvendo a comunidade escolar, para evitar o desperdício de energia elétrica e água, e para a redução na produção de lixo na escola?"|"7.2.4 Existem acordos e procedimentos específicos, envolvendo a comunidade escolar para evitar o desperdício de energia elétrica e água, e para a redução na produção de lixo na escola?"|"7.2.4 Existem acordos e procedimentos específicos, envolvendo a comunidade escolar para evitar o desperdício de energia elétrica e água, e para a redução na produção de lixo na escola?"
"7.2.5 Olhando para a sua prática, você se considera uma pessoa que vem cuidando bem do seu meio ambiente?"|"7.2.5 Olhando para a sua prática, você se considera uma pessoa que vem cuidando bem do seu ambiente?"|"7.2.5 Olhando para a sua prática, você se considera uma pessoa que vem cuidando bem do seu meio ambiente?"
"7.2.6 Olhando para a escola, você acha que ela cuida bem do meio ambiente? "|"7.2.6 Olhando para a escola, você acha que ela cuida bem do meio ambiente?"|"7.2.6 Olhando para a escola, você acha que ela cuida bem do meio ambiente? "
"7.2.7 Existem acordos e procedimentos envolvendo os membros da sua família para evitar o desperdício de energia elétrica e de água em sua casa? "|"7.2.7 Existem acordos e procedimentos envolvendo os membros da sua família para evitar o desperdício de energia elétrica e de água e para a redução na produção de lixo em sua casa?"|"7.2.7 Existem acordos e procedimentos envolvendo os membros da sua família para evitar o desperdício de energia elétrica e de água e para a redução na produção de lixo em sua casa?"
"7.2.8 Na sua casa, você e sua família costumam separar o lixo orgânico do reciclável? "|"7.2.8 Na sua casa, você e sua família costumam separar o lixo orgânico do reciclável?"|"7.2.8 Na sua casa, você e sua família costumam separar o lixo orgânico do reciclável? "
"7.2.9 A escola desenvolve programa específico para o recolhimento de pilhas e baterias usadas de celular?"|"7.2.9 A escola desenvolve programa específico para o recolhimento de pilhas e baterias usadas de celular?"|"7.2.9 A escola desenvolve programa específico para o recolhimento de pilhas e baterias usadas de celular?"
"8.1.1 Reuniões e entrevistas com os familiares são realizadas em horários adequados à participação das famílias?"|"8.1.1 Reuniões e entrevistas com os familiares são realizadas em horários adequados à participação das famílias?"|"8.1.1 Reuniões e entrevistas com os familiares são realizadas em horários adequados à participação das famílias?"
"8.1.2 O horário de funcionamento e o calendário da escola atendem às necessidades das famílias?"|"8.1.2 O horário de funcionamento e o calendário da escola atendem às necessidades das famílias?"|"8.1.2 O horário de funcionamento e o calendário da escola atendem às necessidades das famílias?"
"8.1.3 Os professores conhecem os familiares das crianças (seus nomes, onde trabalham, sua religião, onde moram, se as crianças têm irmãos)?"|"8.1.3 Esta questão não se refere a este segmento."|"8.1.3 Os professores conhecem os familiares das crianças (seus nomes, onde trabalham, sua religião, onde moram, se as crianças têm irmãos)?"
"8.1.4 Os familiares (pais, mães ou outros responsáveis) recebem informações dos educadores sobre os objetivos pedagógicos a serem desenvolvidos durante o ano?"|"8.1.4 Esta questão não se refere a este segmento."|"8.1.4 Os familiares (pais, mães ou outros responsáveis) recebem informações dos educadores sobre os objetivos pedagógicos a serem desenvolvidos durante o ano?"
"8.1.5 Os pais, mães e responsáveis são convidados a comparecer e participar ativamente das reuniões sobre a vida escolar dos educandos, de forma a favorecer a construção de acordos para que ocorra um melhor acompanhamento da vida escolar dos educandos?"|"8.1.5 Esta questão não se refere a este segmento."|"8.1.5 Os pais, mães e responsáveis são convidados a comparecer e participar ativamente das reuniões sobre a vida escolar dos educandos, de forma a favorecer a construção de acordos para que ocorra um melhor acompanhamento da vida escolar dos educandos? "
"8.1.6 A escola dialoga com as famílias de modo a conhecer suas características e demandas e planejar ações escolares e comunitárias que fortaleçam os vínculos e convivência familiar e comunitária dos educandos da escola?"|"8.1.6 A escola dialoga com as famílias de modo a conhecer suas características e demandas e planejar ações escolares e comunitárias que fortaleçam os vínculos e convivência familiar e comunitária dos educandos da escola?"|"8.1.6 A escola dialoga com as famílias de modo a conhecer suas características e demandas e planejar ações escolares e comunitárias que fortaleçam os vínculos e convivência familiar e comunitária dos educandos da escola?"
"8.1.7 No período de acolhimento inicial (adaptação das crianças na escola), a escola demonstra atenção e cuidado especial, permitindo a permanência de um responsável do educando nas dependências da escola para eventuais necessidades?"|"8.1.7 No período de acolhimento inicial (adaptação das crianças na escola), a escola demonstra atenção e cuidado especial, permitindo a permanência de um responsável do educando nas dependências da escola para eventuais necessidades?"|"8.1.7 No período de acolhimento inicial (adaptação das crianças na escola), a escola demonstra atenção e cuidado especial, permitindo a permanência de um responsável do educando nas dependências da escola para eventuais necessidades?"
"8.1.8 Os familiares têm acesso à escola sempre que necessário?"|"8.1.8 Os familiares têm acesso à escola sempre que necessário?"|"8.1.8 Os familiares têm acesso à escola sempre que necessário?"
"8.1.9 Os familiares se sentem à vontade para tirar dúvidas sobre a proposta pedagógica da Unidade Educacional?"|"8.1.9 Esta questão não se refere a este segmento."|"8.1.9 Esta questão não se refere a este segmento."
"8.1.10 Os familiares sentem-se bem recebidos, acolhidos e tratados com respeito na escola?"|"8.1.10 Esta questão não se refere a este segmento."|"8.1.10 Esta questão não se refere a este segmento."
"8.2.1 Há reuniões com familiares pelo menos quatro vezes por ano, para apresentar planejamentos, discutir e avaliar as vivências e produções das crianças?"|"8.2.1 Esta questão não se refere a este segmento."|"8.2.1 Há reuniões com familiares pelo menos quatro vezes por ano, para apresentar planejamentos, discutir e avaliar as vivências e produções das crianças?"
"8.2.2 Os familiares recebem relatórios sobre aprendizagens, vivências e produções das crianças, pelo menos duas vezes ao ano?"|"8.2.2 Esta questão não se refere a este segmento."|"8.2.2 Os familiares recebem relatórios sobre aprendizagens, vivências e produções das crianças, pelo menos duas vezes ao ano?"
"8.2.3 As famílias recebem orientação sobre a importância das brincadeiras para o desenvolvimento das crianças?"|"8.2.3 Esta questão não se refere a este segmento."|"8.2.3 As famílias recebem orientação sobre a importância das brincadeiras para o desenvolvimento das crianças?"
"8.2.4 Os familiares e responsáveis recebem orientações dos professores sobre como aproximar as crianças do mundo da leitura e da escrita durante a convivência familiar?"|"8.2.4 Esta questão não se refere a este segmento."|"8.2.4 Os familiares e responsáveis recebem orientações dos professores sobre como aproximar as crianças do mundo da leitura e da escrita durante a convivência familiar?"
"8.2.5 A escola realiza atividades de acolhimento com as famílias, antes das crianças começarem a frequentar as aulas, dialogando sobre as necessidades específicas de cada uma delas?"|"8.2.5 A escola realiza atividades de acolhimento com as famílias, antes das crianças começarem a frequentar as aulas, dialogando sobre as necessidades específicas de cada uma delas?"|"8.2.5 A escola realiza atividades de acolhimento com as famílias, antes das crianças começarem a frequentar as aulas, dialogando sobre as necessidades específicas de cada uma delas?"
"8.3.1 A escola e o Conselho Tutelar da região estão bem articulados para o acompanhamento de casos diversos de não respeito aos direitos fundamentais das crianças e dos adolescentes (frequência irregular na escola, violência física, maus-tratos, assédio moral, entre outros)?"|"8.3.1 A escola e o Conselho Tutelar da região estão bem articulados para o acompanhamento de casos diversos de não respeito aos direitos fundamentais das crianças e dos adolescentes (frequência irregular na escola, violência física, maus-tratos, assédio moral, entre outros)?"|"8.3.1 A escola e o Conselho Tutelar da região estão bem articulados para o acompanhamento de casos diversos de não respeito aos direitos fundamentais das crianças e dos adolescentes (frequência irregular na escola, violência física, maus-tratos, assédio moral, entre outros)?"
"8.3.2 A escola encaminha ao Conselho Tutelar os casos de crianças com sinais de negligência, violência doméstica, exploração sexual e trabalho infantil?"|"8.3.2 A escola encaminha ao Conselho Tutelar os casos de crianças com sinais de negligência, violência doméstica, exploração sexual e trabalho infantil?"|"8.3.2 A escola encaminha ao Conselho Tutelar os casos de crianças com sinais de negligência, violência doméstica, exploração sexual e trabalho infantil?"
"8.3.3 O ECA é abordado com as famílias nas atividades realizadas na escola?"|"8.3.3 O ECA é abordado com os funcionários nas atividades realizadas na escola?"|"8.3.3 O ECA é abordado com os funcionários e familiares nas atividades realizadas na escola?"
"9.1.1 Há espaços em locais visíveis contendo as principais informações relacionadas às atividades da escola (datas comemorativas, prestações de contas, datas de reuniões, agenda escolar do ano letivo etc.)?"|"9.1.1 Há espaços em locais visíveis contendo as principais informações relacionadas às atividades da escola (datas comemorativas, prestações de contas, datas de reuniões, agenda escolar do ano letivo etc.)?"|"9.1.1 Há espaços em locais visíveis contendo as principais informações relacionadas às atividades da escola (datas comemorativas, prestações de contas, datas de reuniões, agenda escolar do ano letivo etc.)?"
"9.1.2 A direção presta contas à comunidade escolar (CGC/APM), apresentando regularmente o orçamento da escola e seus gastos?"|"9.1.2 A direção presta contas à comunidade escolar (CGC/APM) apresentando regularmente o orçamento da escola e seus gastos?"|"9.1.2 A direção presta contas à comunidade escolar (CGC/APM) apresentando regularmente o orçamento da escola e seus gastos?"
"9.1.3 Os profissionais da escola (gestor, professores, funcionários etc.) procuram resolver os conflitos que surgem entre as pessoas no ambiente escolar (brigas, discussões) com base no diálogo e na negociação?"|"9.1.3 Os profissionais da escola (gestor, professores, funcionários etc.) procuram resolver os conflitos que surgem entre as pessoas no ambiente escolar (brigas, discussões) com base no diálogo e na negociação?"|"9.1.3 Os profissionais da escola (gestor, professores, funcionários etc.) procuram resolver os conflitos que surgem entre as pessoas no ambiente escolar (brigas, discussões) com base no diálogo e na negociação?"
"9.2.1 O senhor ou a senhora sabe o que faz o Conselho de Gestão Compartilhada (CGC) da escola?"|"9.2.1 O senhor ou a senhora sabe o que faz o Conselho de Gestão Compartilhada (CGC) da escola?"|"9.2.1 Você sabe o que faz o Conselho de Gestão Compartilhada (CGC) da escola?"
"9.2.2 O CGC tem normas de funcionamento definidas e conhecidas por todos?"|"9.2.2 O CGC tem normas de funcionamento definidas e conhecidas por todos?"|"9.2.2 O CGC tem normas de funcionamento definidas e conhecidas por todos?"
"9.2.3 Você conhece seus representantes no CGC?"|"9.2.3 Você conhece seus representantes no CGC?"|"9.2.3 Você conhece seus representantes no CGC?"
"9.2.4 Seu segmento tem participação efetiva no CGC?"|"9.2.4 Seu segmento tem participação efetiva no CGC?"|"9.2.4 Seu segmento tem participação efetiva no CGC?"
"9.2.5 As informações deliberadas no CGC são socializadas com a comunidade escolar?"|"9.2.5 As informações deliberadas no CGC são socializadas com a comunidade escolar?"|"9.2.5 As informações deliberadas no CGC são socializadas com a comunidade escolar?"
"9.3.1 Esta questão não se refere a este segmento."|"9.3.1 Esta questão não se refere a este segmento."|"9.3.1 Existe uma parceria da escola com os serviços públicos locais?"
"9.3.2 Esta questão não se refere a este segmento."|"9.3.2 Esta questão não se refere a este segmento."|"9.3.2 A escola tem parcerias com outras instituições da sociedade (universidades, organizações da sociedade civil, empresas, fundações, associações e demais serviços públicos) para o financiamento de projetos ou para o desenvolvimento de ações conjuntas, como elaboração do PEPP, formação de professores, atividades pedagógicas, comemorações? "
"10.1.1 Esta questão não se refere a este segmento."|"10.1.1 Os profissionais que trabalham na escola têm habilitação necessária para o exercício de sua função?"|"10.1.1 Os profissionais que trabalham na escola têm habilitação necessária para o exercício de sua função?"
"10.1.2 Esta questão não se refere a este segmento."|"10.1.2 A escola ou a Secretaria de Educação oferecem permanentemente cursos ou ações de formação para os professores e demais funcionários da escola?"|"10.1.2 A escola ou a Secretaria de Educação oferecem permanentemente cursos ou ações de formação para os professores e demais funcionários da escola?"
"10.1.3 Esta questão não se refere a este segmento."|"10.1.3 As formações específicas, oferecidas pelo Projeto Lego, vão ao encontro dos interesses dos profissionais da escola?"|"10.1.3 As formações específicas, oferecidas pelo Projeto Lego, vão ao encontro dos interesses dos profissionais da escola?"
"10.1.4 Esta questão não se refere a este segmento."|"10.1.4 Os Horários de Trabalho Pedagógico (HTPs) são suficientes para atender as demandas de formação da equipe escolar?"|"10.1.4 Os HTPs são suficientes para atender as demandas de formação da equipe escolar?"
"10.1.5 Esta questão não se refere a este segmento."|"10.1.5 Professores e demais funcionários da escola participam de formações específicas que os auxiliam a trabalhar com educandos com deficiência e portadores de TIDs?"|"10.1.5 Professores e demais funcionários da escola participam de formações específicas que os auxiliam a trabalhar com educandos com deficiência e portadores de TIDs?"
"10.1.6 Esta questão não se refere a este segmento."|"10.1.6 As formações e cursos estão incluídos no horário de trabalho dos profissionais? "|"10.1.6 As formações e cursos estão incluídos no horário de trabalho dos profissionais? "
"10.2.1 A escola dispõe da quantidade de professores de que necessita?"|"10.2.1 A escola dispõe da quantidade de professores de que necessita?"|"10.2.1 A escola dispõe da quantidade de professores de que necessita?"
"10.2.2 O número de funcionários é suficiente para o bom funcionamento da escola?"|"10.2.2 O número de funcionários é suficiente para o bom funcionamento da escola?"|"10.2.2 O número de funcionários é suficiente para o bom funcionamento da escola?"
"10.2.3 A remoção e transferência funcional têm prejudicado um melhor desempenho da equipe escolar?"|"10.2.3 A remoção e transferência funcional têm prejudicado um melhor desempenho da equipe escolar?"|"10.2.3 A remoção e transferência funcional têm prejudicado um melhor desempenho da equipe escolar?"
"10.2.4 A equipe escolar procura desenvolver relações cooperativas de trabalho?"|"10.2.4 A equipe escolar procura desenvolver relações cooperativas de trabalho?"|"10.2.4 A equipe escolar procura desenvolver relações cooperativas de trabalho?"
"10.3.1 Quando há o registro de faltas excessivas de gestores, professores e funcionários de apoio na escola, prejudicando o atendimento dos educandos, esse assunto é discutido coletivamente pelo CGC e por toda a comunidade escolar?"|"10.3.1 Quando há o registro de faltas excessivas de gestores, professores e funcionários de apoio na escola, prejudicando o atendimento dos educandos, esse assunto é discutido coletivamente pelo CGC e por toda a comunidade escolar?"|"10.3.1 Quando há o registro de faltas excessivas de gestores, professores e funcionários de apoio na escola, prejudicando o atendimento dos educandos, esse assunto é discutido coletivamente pelo CGC e por toda a comunidade escolar?"
"10.3.2 As faltas funcionais, abonadas ou não, são planejadas de modo a não prejudicar a rotina escolar?"|"10.3.2 As faltas funcionais, abonadas ou não, são planejadas de modo a não prejudicar a rotina escolar?"|"10.3.2 As faltas funcionais, abonadas ou não, são planejadas de modo a não prejudicar a rotina escolar?"
"10.3.3 Esta questão não se refere a este segmento."|"10.3.3 Esta questão não se refere a este segmento."|"10.3.3 Os professores são assíduos nas reuniões pedagógicas e HTPs?"
